flight_id,airline,flight_number,aircraft_type,origin,destination,distance_mi,scheduled_departure,scheduled_arrival,actual_departure,actual_arrival,delay_minutes,delay_cause,is_delayed,dep_hour,day_of_week,month
FLT0000,NK,NK5180,Boeing 737,JFK,MIA,1091.7,2024-01-14T12:45:00,2024-01-14T15:30:00,2024-01-14T12:52:05.217565,2024-01-14T15:44:05.217565,7.1,nas,0,12,6,1
FLT0001,WN,WN4559,Boeing 737,MIA,ATL,596.1,2024-01-12T08:45:00,2024-01-12T10:33:00,2024-01-12T08:45:00,2024-01-12T10:38:00,0.0,none,0,8,4,1
FLT0002,DL,DL772,Airbus A321,JFK,SFO,2580.0,2024-01-02T20:45:00,2024-01-03T02:22:00,2024-01-02T20:45:00,2024-01-03T02:29:00,0.0,none,0,20,1,1
FLT0003,B6,B63729,Airbus A321,ATL,BOS,945.1,2024-01-24T18:00:00,2024-01-24T20:29:00,2024-01-24T18:27:56.612473,2024-01-24T21:05:56.612473,27.9,carrier,1,18,2,1
FLT0004,B6,B69408,Boeing 777,DFW,DEN,640.8,2024-01-12T06:15:00,2024-01-12T08:08:00,2024-01-12T06:25:15.367334,2024-01-12T08:23:15.367334,10.3,weather,0,6,4,1
FLT0005,WN,WN8990,Boeing 777,LAX,BOS,2605.2,2024-01-22T06:15:00,2024-01-22T11:55:00,2024-01-22T06:15:00,2024-01-22T12:03:00,0.0,none,0,6,0,1
FLT0006,B6,B64768,Airbus A320,ORD,SEA,1716.1,2024-01-05T19:00:00,2024-01-05T22:58:00,2024-01-05T19:00:00,2024-01-05T23:05:00,0.0,none,0,19,4,1
FLT0007,AS,AS883,Airbus A321,ORD,MIA,1199.0,2024-01-14T14:30:00,2024-01-14T17:28:00,2024-01-14T14:40:02.856788,2024-01-14T17:46:02.856788,10.0,carrier,0,14,6,1
FLT0008,WN,WN9926,Airbus A321,SFO,SEA,679.1,2024-01-17T06:30:00,2024-01-17T08:28:00,2024-01-17T06:43:52.524897,2024-01-17T08:43:52.524897,13.9,weather,0,6,2,1
FLT0009,AS,AS5099,Airbus A321,JFK,ORD,738.2,2024-01-02T20:15:00,2024-01-02T22:20:00,2024-01-02T20:15:00,2024-01-02T22:21:00,0.0,none,0,20,1,1
FLT0010,WN,WN7198,Boeing 737,SEA,BOS,2488.7,2024-01-13T12:45:00,2024-01-13T18:12:00,2024-01-13T12:59:47.984464,2024-01-13T18:32:47.984464,14.8,nas,0,12,5,1
FLT0011,DL,DL6867,Airbus A320,BOS,SFO,2697.5,2024-01-05T13:30:00,2024-01-05T19:21:00,2024-01-05T13:30:00,2024-01-05T19:23:00,0.0,none,0,13,4,1
FLT0012,B6,B64627,Boeing 777,SFO,DFW,1461.5,2024-01-03T11:00:00,2024-01-03T14:28:00,2024-01-03T11:00:00,2024-01-03T14:32:00,0.0,none,0,11,2,1
FLT0013,WN,WN7069,Boeing 737,DEN,SEA,1022.4,2024-01-24T09:30:00,2024-01-24T12:07:00,2024-01-24T09:39:23.589933,2024-01-24T12:17:23.589933,9.4,security,0,9,2,1
FLT0014,B6,B66665,Boeing 777,SEA,DFW,1657.7,2024-01-18T14:00:00,2024-01-18T17:51:00,2024-01-18T14:00:00,2024-01-18T17:55:00,0.0,none,0,14,3,1
FLT0015,AA,AA1876,Boeing 777,SEA,ORD,1716.1,2024-01-18T06:30:00,2024-01-18T10:28:00,2024-01-18T06:30:00,2024-01-18T10:35:00,0.0,none,0,6,3,1
FLT0016,DL,DL6162,Airbus A320,LAX,DFW,1232.1,2024-01-05T17:00:00,2024-01-05T20:02:00,2024-01-05T17:09:34.260892,2024-01-05T20:15:34.260892,9.6,carrier,0,17,4,1
FLT0017,F9,F91693,Airbus A320,JFK,ORD,738.2,2024-01-29T12:15:00,2024-01-29T14:20:00,2024-01-29T13:54:13.468534,2024-01-29T16:03:13.468534,99.2,carrier,1,12,0,1
FLT0018,AA,AA3700,Airbus A321,ATL,DEN,1197.0,2024-01-09T22:15:00,2024-01-10T01:13:00,2024-01-09T22:15:00,2024-01-10T01:15:00,0.0,none,0,22,1,1
FLT0019,DL,DL2514,Airbus A320,JFK,BOS,186.3,2024-01-05T10:30:00,2024-01-05T11:31:00,2024-01-05T10:30:00,2024-01-05T11:32:00,0.0,none,0,10,4,1
FLT0020,DL,DL3168,Airbus A321,SEA,MIA,2721.3,2024-01-24T10:00:00,2024-01-24T15:54:00,2024-01-24T10:09:16.825081,2024-01-24T16:08:16.825081,9.3,carrier,0,10,2,1
FLT0021,DL,DL9913,Airbus A321,ATL,BOS,945.1,2024-01-10T08:45:00,2024-01-10T11:14:00,2024-01-10T08:45:00,2024-01-10T11:23:00,0.0,none,0,8,2,1
FLT0022,B6,B68471,Airbus A321,LAX,DEN,860.5,2024-01-02T10:15:00,2024-01-02T12:34:00,2024-01-02T10:15:00,2024-01-02T12:34:00,0.0,none,0,10,1,1
FLT0023,DL,DL8873,Boeing 737,BOS,ORD,864.3,2024-01-16T13:15:00,2024-01-16T15:34:00,2024-01-16T13:15:00,2024-01-16T15:38:00,0.0,none,0,13,1,1
FLT0024,UA,UA3735,Airbus A320,MIA,SEA,2721.3,2024-01-08T05:45:00,2024-01-08T11:39:00,2024-01-08T07:04:45.171473,2024-01-08T13:05:45.171473,79.8,weather,1,5,0,1
FLT0025,AS,AS4393,Boeing 737,BOS,SEA,2488.7,2024-01-06T10:15:00,2024-01-06T15:42:00,2024-01-06T10:15:00,2024-01-06T15:46:00,0.0,none,0,10,5,1
FLT0026,AS,AS4228,Boeing 737,JFK,BOS,186.3,2024-01-07T10:00:00,2024-01-07T11:01:00,2024-01-07T10:19:19.066062,2024-01-07T11:27:19.066062,19.3,carrier,1,10,6,1
FLT0027,DL,DL1408,Boeing 777,BOS,MIA,1260.0,2024-01-22T06:30:00,2024-01-22T09:35:00,2024-01-22T06:59:41.401890,2024-01-22T10:13:41.401890,29.7,weather,1,6,0,1
FLT0028,AA,AA7260,Boeing 737,SEA,ATL,2177.8,2024-01-29T14:15:00,2024-01-29T19:06:00,2024-01-29T14:39:23.142787,2024-01-29T19:38:23.142787,24.4,carrier,1,14,0,1
FLT0029,WN,WN6378,Airbus A321,ATL,SEA,2177.8,2024-01-29T07:30:00,2024-01-29T12:21:00,2024-01-29T07:30:00,2024-01-29T12:25:00,0.0,none,0,7,0,1
FLT0030,NK,NK7557,Airbus A320,MIA,JFK,1091.7,2024-01-04T10:45:00,2024-01-04T13:30:00,2024-01-04T11:02:38.080637,2024-01-04T13:56:38.080637,17.6,carrier,1,10,3,1
FLT0031,WN,WN5356,Boeing 737,ATL,ORD,606.2,2024-01-12T21:15:00,2024-01-12T23:04:00,2024-01-12T21:15:00,2024-01-12T23:06:00,0.0,none,0,21,4,1
FLT0032,NK,NK3255,Boeing 777,ORD,DEN,886.1,2024-01-23T20:45:00,2024-01-23T23:07:00,2024-01-23T20:59:57.618726,2024-01-23T23:22:57.618726,15.0,weather,0,20,1,1
FLT0033,AA,AA2028,Boeing 737,BOS,LAX,2605.2,2024-01-28T15:00:00,2024-01-28T20:40:00,2024-01-28T15:06:41.187105,2024-01-28T20:53:41.187105,6.7,weather,0,15,6,1
FLT0034,NK,NK5410,Boeing 737,JFK,MIA,1091.7,2024-01-18T14:30:00,2024-01-18T17:15:00,2024-01-18T14:50:57.484833,2024-01-18T17:42:57.484833,21.0,nas,1,14,3,1
FLT0035,AS,AS8945,Boeing 737,ATL,LAX,1942.3,2024-01-08T09:00:00,2024-01-08T13:24:00,2024-01-08T09:10:54.517809,2024-01-08T13:43:54.517809,10.9,weather,0,9,0,1
FLT0036,F9,F92474,Airbus A321,BOS,JFK,186.3,2024-01-02T12:45:00,2024-01-02T13:46:00,2024-01-02T12:45:00,2024-01-02T13:54:00,0.0,none,0,12,1,1
FLT0037,NK,NK8352,Boeing 777,ORD,BOS,864.3,2024-01-24T16:30:00,2024-01-24T18:49:00,2024-01-24T16:46:25.119210,2024-01-24T19:14:25.119210,16.4,carrier,1,16,2,1
FLT0038,WN,WN6080,Boeing 737,MIA,DFW,1120.1,2024-01-20T09:15:00,2024-01-20T12:04:00,2024-01-20T09:15:00,2024-01-20T12:05:00,0.0,none,0,9,5,1
FLT0039,DL,DL7947,Airbus A321,DFW,DEN,640.8,2024-01-11T18:15:00,2024-01-11T20:08:00,2024-01-11T18:15:00,2024-01-11T20:10:00,0.0,none,0,18,3,1
FLT0040,B6,B62103,Airbus A321,SEA,DEN,1022.4,2024-01-15T18:15:00,2024-01-15T20:52:00,2024-01-15T18:15:00,2024-01-15T20:56:00,0.0,none,0,18,0,1
FLT0041,UA,UA9528,Airbus A320,ATL,SFO,2134.4,2024-01-19T06:15:00,2024-01-19T11:01:00,2024-01-19T06:52:33.466184,2024-01-19T11:47:33.466184,37.6,nas,1,6,4,1
FLT0042,AS,AS4506,Airbus A321,SFO,JFK,2580.0,2024-01-22T15:00:00,2024-01-22T20:37:00,2024-01-22T15:07:51.886650,2024-01-22T20:48:51.886650,7.9,nas,0,15,0,1
FLT0043,AS,AS4811,Boeing 777,BOS,MIA,1260.0,2024-01-29T06:15:00,2024-01-29T09:20:00,2024-01-29T06:40:46.813271,2024-01-29T09:45:46.813271,25.8,carrier,1,6,0,1
FLT0044,F9,F98465,Boeing 737,SEA,SFO,679.1,2024-01-23T21:45:00,2024-01-23T23:43:00,2024-01-23T21:45:00,2024-01-23T23:44:00,0.0,none,0,21,1,1
FLT0045,B6,B67331,Boeing 777,MIA,LAX,2338.2,2024-01-03T13:30:00,2024-01-03T18:39:00,2024-01-03T13:30:00,2024-01-03T18:41:00,0.0,none,0,13,2,1
FLT0046,F9,F95594,Boeing 777,SEA,BOS,2488.7,2024-01-23T16:15:00,2024-01-23T21:42:00,2024-01-23T16:32:46.701586,2024-01-23T21:59:46.701586,17.8,weather,1,16,1,1
FLT0047,WN,WN1485,Boeing 777,DFW,SEA,1657.7,2024-01-22T08:30:00,2024-01-22T12:21:00,2024-01-22T08:30:00,2024-01-22T12:27:00,0.0,none,0,8,0,1
FLT0048,B6,B61315,Boeing 737,DEN,SFO,965.0,2024-01-22T20:45:00,2024-01-22T23:16:00,2024-01-22T20:45:00,2024-01-22T23:24:00,0.0,none,0,20,0,1
FLT0049,DL,DL9685,Boeing 777,SFO,ATL,2134.4,2024-01-21T14:00:00,2024-01-21T18:46:00,2024-01-21T14:00:00,2024-01-21T18:50:00,0.0,none,0,14,6,1
FLT0050,DL,DL7801,Airbus A321,ATL,ORD,606.2,2024-01-10T14:45:00,2024-01-10T16:34:00,2024-01-10T14:48:09.855226,2024-01-10T16:43:09.855226,3.2,nas,0,14,2,1
FLT0051,UA,UA4587,Boeing 737,JFK,LAX,2469.5,2024-01-30T05:30:00,2024-01-30T10:54:00,2024-01-30T05:54:07.674365,2024-01-30T11:20:07.674365,24.1,weather,1,5,1,1
FLT0052,AS,AS9801,Airbus A321,MIA,DEN,1707.9,2024-01-06T05:45:00,2024-01-06T09:42:00,2024-01-06T06:03:16.974076,2024-01-06T10:08:16.974076,18.3,weather,1,5,5,1
FLT0053,NK,NK8475,Airbus A320,ORD,BOS,864.3,2024-01-26T09:00:00,2024-01-26T11:19:00,2024-01-26T09:00:00,2024-01-26T11:20:00,0.0,none,0,9,4,1
FLT0054,B6,B65527,Airbus A320,BOS,MIA,1260.0,2024-01-02T13:00:00,2024-01-02T16:05:00,2024-01-02T13:00:00,2024-01-02T16:10:00,0.0,none,0,13,1,1
FLT0055,AS,AS5141,Boeing 737,BOS,JFK,186.3,2024-01-05T19:30:00,2024-01-05T20:31:00,2024-01-05T20:08:12.074491,2024-01-05T21:16:12.074491,38.2,late_aircraft,1,19,4,1
FLT0056,F9,F95959,Boeing 777,SEA,JFK,2415.0,2024-01-02T08:45:00,2024-01-02T14:03:00,2024-01-02T08:57:22.738471,2024-01-02T14:18:22.738471,12.4,weather,0,8,1,1
FLT0057,DL,DL4241,Airbus A320,MIA,ATL,596.1,2024-01-20T20:30:00,2024-01-20T22:18:00,2024-01-20T20:30:00,2024-01-20T22:23:00,0.0,none,0,20,5,1
FLT0058,WN,WN9144,Boeing 777,SEA,ATL,2177.8,2024-01-20T12:45:00,2024-01-20T17:36:00,2024-01-20T12:45:00,2024-01-20T17:42:00,0.0,none,0,12,5,1
FLT0059,AS,AS4067,Airbus A320,LAX,DEN,860.5,2024-01-05T22:15:00,2024-01-06T00:34:00,2024-01-05T22:15:00,2024-01-06T00:41:00,0.0,none,0,22,4,1
FLT0060,WN,WN1564,Boeing 737,ATL,BOS,945.1,2024-01-13T20:00:00,2024-01-13T22:29:00,2024-01-13T20:13:54.977129,2024-01-13T22:46:54.977129,13.9,carrier,0,20,5,1
FLT0061,DL,DL2537,Airbus A321,SFO,JFK,2580.0,2024-01-17T15:30:00,2024-01-17T21:07:00,2024-01-17T15:30:00,2024-01-17T21:13:00,0.0,none,0,15,2,1
FLT0062,B6,B65626,Airbus A321,SFO,DFW,1461.5,2024-01-13T14:30:00,2024-01-13T17:58:00,2024-01-13T14:30:00,2024-01-13T18:06:00,0.0,none,0,14,5,1
FLT0063,AA,AA653,Boeing 737,LAX,DEN,860.5,2024-01-16T18:30:00,2024-01-16T20:49:00,2024-01-16T18:40:09.790107,2024-01-16T20:59:09.790107,10.2,carrier,0,18,1,1
FLT0064,AA,AA4422,Airbus A321,MIA,BOS,1260.0,2024-01-02T06:15:00,2024-01-02T09:20:00,2024-01-02T06:57:27.282192,2024-01-02T10:11:27.282192,42.5,nas,1,6,1,1
FLT0065,F9,F94550,Airbus A321,BOS,SEA,2488.7,2024-01-12T17:00:00,2024-01-12T22:27:00,2024-01-12T17:01:52.473933,2024-01-12T22:28:52.473933,1.9,late_aircraft,0,17,4,1
FLT0066,AA,AA6781,Boeing 737,DFW,DEN,640.8,2024-01-21T07:30:00,2024-01-21T09:23:00,2024-01-21T07:30:00,2024-01-21T09:26:00,0.0,none,0,7,6,1
FLT0067,AS,AS2084,Airbus A321,SFO,SEA,679.1,2024-01-05T17:00:00,2024-01-05T18:58:00,2024-01-05T17:00:00,2024-01-05T19:07:00,0.0,none,0,17,4,1
FLT0068,WN,WN9196,Boeing 737,MIA,DEN,1707.9,2024-01-05T14:15:00,2024-01-05T18:12:00,2024-01-05T14:37:18.805685,2024-01-05T18:38:18.805685,22.3,carrier,1,14,4,1
FLT0069,WN,WN237,Boeing 737,LAX,ORD,1741.0,2024-01-28T21:00:00,2024-01-29T01:00:00,2024-01-28T21:13:03.152553,2024-01-29T01:20:03.152553,13.1,carrier,0,21,6,1
FLT0070,NK,NK6176,Boeing 737,ORD,DEN,886.1,2024-01-26T20:30:00,2024-01-26T22:52:00,2024-01-26T20:30:00,2024-01-26T22:59:00,0.0,none,0,20,4,1
FLT0071,NK,NK6921,Airbus A321,SEA,DFW,1657.7,2024-01-17T20:15:00,2024-01-18T00:06:00,2024-01-17T20:15:00,2024-01-18T00:11:00,0.0,none,0,20,2,1
FLT0072,F9,F96326,Airbus A320,SFO,DFW,1461.5,2024-01-28T10:30:00,2024-01-28T13:58:00,2024-01-28T10:39:51.881657,2024-01-28T14:16:51.881657,9.9,weather,0,10,6,1
FLT0073,WN,WN4260,Boeing 777,LAX,DFW,1232.1,2024-01-11T10:00:00,2024-01-11T13:02:00,2024-01-11T10:00:00,2024-01-11T13:08:00,0.0,none,0,10,3,1
FLT0074,F9,F98046,Airbus A320,LAX,SFO,337.8,2024-01-01T12:15:00,2024-01-01T13:33:00,2024-01-01T12:15:00,2024-01-01T13:40:00,0.0,none,0,12,0,1
FLT0075,NK,NK4660,Airbus A321,MIA,ATL,596.1,2024-01-23T16:45:00,2024-01-23T18:33:00,2024-01-23T16:45:00,2024-01-23T18:39:00,0.0,none,0,16,1,1
FLT0076,F9,F91161,Airbus A321,JFK,LAX,2469.5,2024-01-22T19:15:00,2024-01-23T00:39:00,2024-01-22T19:15:00,2024-01-23T00:43:00,0.0,none,0,19,0,1
FLT0077,WN,WN8761,Airbus A321,LAX,ORD,1741.0,2024-01-23T22:30:00,2024-01-24T02:30:00,2024-01-23T22:37:12.459723,2024-01-24T02:46:12.459723,7.2,nas,0,22,1,1
FLT0078,F9,F94499,Airbus A321,ATL,MIA,596.1,2024-01-30T09:15:00,2024-01-30T11:03:00,2024-01-30T09:27:09.438116,2024-01-30T11:17:09.438116,12.2,nas,0,9,1,1
FLT0079,B6,B66603,Airbus A321,JFK,ORD,738.2,2024-01-12T22:00:00,2024-01-13T00:05:00,2024-01-12T22:00:00,2024-01-13T00:12:00,0.0,none,0,22,4,1
FLT0080,AA,AA9521,Airbus A320,JFK,BOS,186.3,2024-01-23T12:45:00,2024-01-23T13:46:00,2024-01-23T13:49:07.918537,2024-01-23T14:54:07.918537,64.1,nas,1,12,1,1
FLT0081,UA,UA4208,Airbus A321,ORD,SEA,1716.1,2024-01-01T18:15:00,2024-01-01T22:13:00,2024-01-01T18:15:00,2024-01-01T22:15:00,0.0,none,0,18,0,1
FLT0082,DL,DL5541,Airbus A321,ATL,DFW,730.0,2024-01-26T21:15:00,2024-01-26T23:19:00,2024-01-26T21:15:00,2024-01-26T23:20:00,0.0,none,0,21,4,1
FLT0083,F9,F96417,Boeing 777,MIA,LAX,2338.2,2024-01-03T17:15:00,2024-01-03T22:24:00,2024-01-03T17:15:00,2024-01-03T22:29:00,0.0,none,0,17,2,1
FLT0084,AS,AS696,Boeing 777,SEA,ATL,2177.8,2024-01-05T07:30:00,2024-01-05T12:21:00,2024-01-05T07:30:00,2024-01-05T12:28:00,0.0,none,0,7,4,1
FLT0085,WN,WN9634,Airbus A320,DEN,ATL,1197.0,2024-01-15T11:00:00,2024-01-15T13:58:00,2024-01-15T11:32:07.833082,2024-01-15T14:33:07.833082,32.1,weather,1,11,0,1
FLT0086,DL,DL3532,Airbus A321,DFW,MIA,1120.1,2024-01-13T20:45:00,2024-01-13T23:34:00,2024-01-13T20:45:00,2024-01-13T23:43:00,0.0,none,0,20,5,1
FLT0087,AS,AS6236,Airbus A320,DFW,ORD,801.6,2024-01-10T21:45:00,2024-01-10T23:57:00,2024-01-10T21:45:00,2024-01-10T23:59:00,0.0,none,0,21,2,1
FLT0088,DL,DL700,Airbus A320,JFK,ORD,738.2,2024-01-08T10:15:00,2024-01-08T12:20:00,2024-01-08T10:15:00,2024-01-08T12:20:00,0.0,none,0,10,0,1
FLT0089,B6,B62630,Airbus A321,ORD,MIA,1199.0,2024-01-24T16:15:00,2024-01-24T19:13:00,2024-01-24T16:15:00,2024-01-24T19:18:00,0.0,none,0,16,2,1
FLT0090,AS,AS9352,Boeing 777,DEN,SEA,1022.4,2024-01-24T13:00:00,2024-01-24T15:37:00,2024-01-24T13:13:54.866780,2024-01-24T15:57:54.866780,13.9,late_aircraft,0,13,2,1
FLT0091,AS,AS7921,Boeing 777,LAX,JFK,2469.5,2024-01-29T18:00:00,2024-01-29T23:24:00,2024-01-29T18:09:17.484002,2024-01-29T23:35:17.484002,9.3,carrier,0,18,0,1
FLT0092,UA,UA9772,Boeing 777,JFK,DEN,1621.8,2024-01-04T16:15:00,2024-01-04T20:02:00,2024-01-04T16:15:00,2024-01-04T20:06:00,0.0,none,0,16,3,1
FLT0093,AA,AA1199,Airbus A320,DFW,ATL,730.0,2024-01-13T07:00:00,2024-01-13T09:04:00,2024-01-13T07:00:00,2024-01-13T09:05:00,0.0,none,0,7,5,1
FLT0094,DL,DL2367,Boeing 777,ATL,ORD,606.2,2024-01-10T12:15:00,2024-01-10T14:04:00,2024-01-10T12:15:00,2024-01-10T14:09:00,0.0,none,0,12,2,1
FLT0095,WN,WN8652,Airbus A320,SFO,ORD,1841.8,2024-01-15T20:30:00,2024-01-16T00:42:00,2024-01-15T21:07:06.527230,2024-01-16T01:23:06.527230,37.1,weather,1,20,0,1
FLT0096,AA,AA7091,Airbus A320,LAX,DEN,860.5,2024-01-02T10:00:00,2024-01-02T12:19:00,2024-01-02T10:37:25.219287,2024-01-02T12:57:25.219287,37.4,weather,1,10,1,1
FLT0097,UA,UA8976,Airbus A321,ORD,ATL,606.2,2024-01-18T09:30:00,2024-01-18T11:19:00,2024-01-18T10:12:17.704328,2024-01-18T12:05:17.704328,42.3,carrier,1,9,3,1
FLT0098,F9,F9886,Boeing 777,DEN,BOS,1749.5,2024-01-08T09:45:00,2024-01-08T13:46:00,2024-01-08T09:45:00,2024-01-08T13:55:00,0.0,none,0,9,0,1
FLT0099,AA,AA8631,Boeing 737,BOS,SEA,2488.7,2024-01-10T14:45:00,2024-01-10T20:12:00,2024-01-10T15:18:23.481060,2024-01-10T20:53:23.481060,33.4,weather,1,14,2,1
FLT0100,B6,B68276,Boeing 777,DFW,SEA,1657.7,2024-01-01T17:00:00,2024-01-01T20:51:00,2024-01-01T17:00:00,2024-01-01T20:54:00,0.0,none,0,17,0,1
FLT0101,UA,UA7963,Airbus A320,BOS,LAX,2605.2,2024-01-18T09:00:00,2024-01-18T14:40:00,2024-01-18T09:00:00,2024-01-18T14:40:00,0.0,none,0,9,3,1
FLT0102,UA,UA5769,Airbus A321,DEN,LAX,860.5,2024-01-01T21:00:00,2024-01-01T23:19:00,2024-01-01T21:00:00,2024-01-01T23:22:00,0.0,none,0,21,0,1
FLT0103,B6,B69768,Airbus A321,BOS,JFK,186.3,2024-01-17T07:30:00,2024-01-17T08:31:00,2024-01-17T07:37:23.231466,2024-01-17T08:41:23.231466,7.4,weather,0,7,2,1
FLT0104,WN,WN7540,Airbus A320,JFK,LAX,2469.5,2024-01-18T07:00:00,2024-01-18T12:24:00,2024-01-18T07:10:12.965283,2024-01-18T12:39:12.965283,10.2,carrier,0,7,3,1
FLT0105,NK,NK3648,Airbus A320,ATL,MIA,596.1,2024-01-18T09:45:00,2024-01-18T11:33:00,2024-01-18T10:08:53.865923,2024-01-18T11:56:53.865923,23.9,weather,1,9,3,1
FLT0106,UA,UA3660,Airbus A321,DFW,ATL,730.0,2024-01-03T18:45:00,2024-01-03T20:49:00,2024-01-03T18:45:00,2024-01-03T20:53:00,0.0,none,0,18,2,1
FLT0107,F9,F96493,Boeing 777,ORD,LAX,1741.0,2024-01-06T21:45:00,2024-01-07T01:45:00,2024-01-06T21:48:41.632588,2024-01-07T01:54:41.632588,3.7,nas,0,21,5,1
FLT0108,AA,AA7808,Airbus A321,SFO,DFW,1461.5,2024-01-23T16:30:00,2024-01-23T19:58:00,2024-01-23T16:30:00,2024-01-23T20:02:00,0.0,none,0,16,1,1
FLT0109,AA,AA2182,Airbus A321,SEA,BOS,2488.7,2024-01-24T14:00:00,2024-01-24T19:27:00,2024-01-24T14:00:00,2024-01-24T19:31:00,0.0,none,0,14,2,1
FLT0110,WN,WN200,Airbus A320,BOS,DFW,1559.0,2024-01-22T21:45:00,2024-01-23T01:24:00,2024-01-23T00:45:00,2024-01-23T04:27:00,180.0,carrier,1,21,0,1
FLT0111,B6,B6562,Boeing 777,SFO,DEN,965.0,2024-01-15T06:00:00,2024-01-15T08:31:00,2024-01-15T06:20:18.691157,2024-01-15T08:54:18.691157,20.3,weather,1,6,0,1
FLT0112,DL,DL4832,Boeing 737,JFK,DEN,1621.8,2024-01-08T08:00:00,2024-01-08T11:47:00,2024-01-08T08:00:00,2024-01-08T11:50:00,0.0,none,0,8,0,1
FLT0113,B6,B66766,Boeing 777,LAX,BOS,2605.2,2024-01-16T06:15:00,2024-01-16T11:55:00,2024-01-16T06:23:58.092352,2024-01-16T12:05:58.092352,9.0,late_aircraft,0,6,1,1
FLT0114,F9,F91141,Airbus A321,LAX,MIA,2338.2,2024-01-08T07:15:00,2024-01-08T12:24:00,2024-01-08T07:15:00,2024-01-08T12:31:00,0.0,none,0,7,0,1
FLT0115,NK,NK7454,Airbus A320,DEN,SFO,965.0,2024-01-29T15:00:00,2024-01-29T17:31:00,2024-01-29T15:14:13.438097,2024-01-29T17:53:13.438097,14.2,weather,0,15,0,1
FLT0116,AS,AS5287,Airbus A320,DFW,SFO,1461.5,2024-01-05T06:15:00,2024-01-05T09:43:00,2024-01-05T06:15:00,2024-01-05T09:46:00,0.0,none,0,6,4,1
FLT0117,UA,UA6072,Airbus A321,SEA,ORD,1716.1,2024-01-12T20:15:00,2024-01-13T00:13:00,2024-01-12T20:15:00,2024-01-13T00:13:00,0.0,none,0,20,4,1
FLT0118,UA,UA6541,Boeing 777,LAX,DFW,1232.1,2024-01-27T18:00:00,2024-01-27T21:02:00,2024-01-27T18:00:00,2024-01-27T21:08:00,0.0,none,0,18,5,1
FLT0119,DL,DL5394,Airbus A320,ATL,JFK,759.3,2024-01-08T20:30:00,2024-01-08T22:37:00,2024-01-08T20:30:00,2024-01-08T22:44:00,0.0,none,0,20,0,1
FLT0120,NK,NK3350,Airbus A320,ORD,SEA,1716.1,2024-01-08T10:00:00,2024-01-08T13:58:00,2024-01-08T10:00:00,2024-01-08T13:58:00,0.0,none,0,10,0,1
FLT0121,WN,WN8358,Airbus A321,ATL,ORD,606.2,2024-01-16T12:30:00,2024-01-16T14:19:00,2024-01-16T12:50:10.946915,2024-01-16T14:39:10.946915,20.2,late_aircraft,1,12,1,1
FLT0122,DL,DL9161,Airbus A320,DEN,LAX,860.5,2024-01-17T22:00:00,2024-01-18T00:19:00,2024-01-17T22:40:09.367329,2024-01-18T00:59:09.367329,40.2,security,1,22,2,1
FLT0123,NK,NK8186,Airbus A320,JFK,ATL,759.3,2024-01-13T14:30:00,2024-01-13T16:37:00,2024-01-13T14:30:00,2024-01-13T16:38:00,0.0,none,0,14,5,1
FLT0124,AS,AS635,Airbus A321,DFW,ATL,730.0,2024-01-05T19:45:00,2024-01-05T21:49:00,2024-01-05T20:45:07.525478,2024-01-05T22:55:07.525478,60.1,nas,1,19,4,1
FLT0125,AA,AA5570,Airbus A321,SFO,MIA,2581.4,2024-01-07T08:45:00,2024-01-07T14:22:00,2024-01-07T08:45:00,2024-01-07T14:29:00,0.0,none,0,8,6,1
FLT0126,F9,F96511,Boeing 777,ORD,DEN,886.1,2024-01-02T12:15:00,2024-01-02T14:37:00,2024-01-02T12:33:26.989024,2024-01-02T14:56:26.989024,18.4,weather,1,12,1,1
FLT0127,F9,F95302,Boeing 777,DFW,MIA,1120.1,2024-01-14T10:30:00,2024-01-14T13:19:00,2024-01-14T10:30:00,2024-01-14T13:25:00,0.0,none,0,10,6,1
FLT0128,F9,F97488,Airbus A320,LAX,SFO,337.8,2024-01-21T22:45:00,2024-01-22T00:03:00,2024-01-21T22:45:00,2024-01-22T00:05:00,0.0,none,0,22,6,1
FLT0129,DL,DL7373,Airbus A320,DEN,ORD,886.1,2024-01-16T18:30:00,2024-01-16T20:52:00,2024-01-16T18:30:00,2024-01-16T20:59:00,0.0,none,0,18,1,1
FLT0130,WN,WN1975,Airbus A320,DFW,ATL,730.0,2024-01-17T07:30:00,2024-01-17T09:34:00,2024-01-17T07:30:00,2024-01-17T09:37:00,0.0,none,0,7,2,1
FLT0131,B6,B63119,Boeing 737,DFW,DEN,640.8,2024-01-13T13:15:00,2024-01-13T15:08:00,2024-01-13T13:49:19.890193,2024-01-13T15:49:19.890193,34.3,carrier,1,13,5,1
FLT0132,DL,DL7681,Boeing 737,MIA,DFW,1120.1,2024-01-06T07:45:00,2024-01-06T10:34:00,2024-01-06T07:53:52.460349,2024-01-06T10:50:52.460349,8.9,weather,0,7,5,1
FLT0133,B6,B67713,Airbus A321,DEN,ORD,886.1,2024-01-21T21:45:00,2024-01-22T00:07:00,2024-01-21T21:45:00,2024-01-22T00:12:00,0.0,none,0,21,6,1
FLT0134,WN,WN4459,Airbus A320,SFO,SEA,679.1,2024-01-08T10:30:00,2024-01-08T12:28:00,2024-01-08T10:30:00,2024-01-08T12:33:00,0.0,none,0,10,0,1
FLT0135,DL,DL8579,Airbus A320,ATL,JFK,759.3,2024-01-13T17:45:00,2024-01-13T19:52:00,2024-01-13T18:23:15.916694,2024-01-13T20:33:15.916694,38.3,nas,1,17,5,1
FLT0136,F9,F93228,Airbus A321,ATL,SEA,2177.8,2024-01-19T19:15:00,2024-01-20T00:06:00,2024-01-19T19:15:00,2024-01-20T00:15:00,0.0,none,0,19,4,1
FLT0137,WN,WN7027,Boeing 737,DEN,BOS,1749.5,2024-01-23T22:45:00,2024-01-24T02:46:00,2024-01-23T22:45:00,2024-01-24T02:52:00,0.0,none,0,22,1,1
FLT0138,UA,UA6607,Airbus A321,SFO,SEA,679.1,2024-01-09T10:15:00,2024-01-09T12:13:00,2024-01-09T10:15:00,2024-01-09T12:15:00,0.0,none,0,10,1,1
FLT0139,NK,NK2421,Boeing 737,ORD,BOS,864.3,2024-01-06T11:00:00,2024-01-06T13:19:00,2024-01-06T11:00:00,2024-01-06T13:20:00,0.0,none,0,11,5,1
FLT0140,AS,AS8788,Airbus A321,SEA,MIA,2721.3,2024-01-04T07:15:00,2024-01-04T13:09:00,2024-01-04T07:39:04.868220,2024-01-04T13:37:04.868220,24.1,carrier,1,7,3,1
FLT0141,AA,AA7136,Airbus A321,ORD,DEN,886.1,2024-01-03T21:00:00,2024-01-03T23:22:00,2024-01-03T21:21:56.406747,2024-01-03T23:47:56.406747,21.9,carrier,1,21,2,1
FLT0142,B6,B6112,Airbus A321,LAX,SFO,337.8,2024-01-13T14:30:00,2024-01-13T15:48:00,2024-01-13T14:30:00,2024-01-13T15:55:00,0.0,none,0,14,5,1
FLT0143,DL,DL3039,Boeing 777,DEN,JFK,1621.8,2024-01-16T06:00:00,2024-01-16T09:47:00,2024-01-16T06:00:00,2024-01-16T09:50:00,0.0,none,0,6,1,1
FLT0144,NK,NK9069,Airbus A321,ATL,LAX,1942.3,2024-01-02T11:30:00,2024-01-02T15:54:00,2024-01-02T11:30:00,2024-01-02T16:00:00,0.0,none,0,11,1,1
FLT0145,F9,F92747,Boeing 737,ATL,BOS,945.1,2024-01-10T09:30:00,2024-01-10T11:59:00,2024-01-10T09:30:00,2024-01-10T12:01:00,0.0,none,0,9,2,1
FLT0146,WN,WN8521,Airbus A321,SFO,BOS,2697.5,2024-01-03T10:00:00,2024-01-03T15:51:00,2024-01-03T10:28:47.789949,2024-01-03T16:19:47.789949,28.8,weather,1,10,2,1
FLT0147,AS,AS4601,Airbus A321,DEN,JFK,1621.8,2024-01-20T18:45:00,2024-01-20T22:32:00,2024-01-20T18:48:45.063773,2024-01-20T22:40:45.063773,3.8,nas,0,18,5,1
FLT0148,AS,AS5433,Airbus A321,DEN,JFK,1621.8,2024-01-12T14:30:00,2024-01-12T18:17:00,2024-01-12T14:30:00,2024-01-12T18:19:00,0.0,none,0,14,4,1
FLT0149,AA,AA7620,Boeing 737,ATL,SEA,2177.8,2024-01-12T12:00:00,2024-01-12T16:51:00,2024-01-12T12:00:00,2024-01-12T17:00:00,0.0,none,0,12,4,1
FLT0150,UA,UA9877,Airbus A320,LAX,DFW,1232.1,2024-01-06T05:45:00,2024-01-06T08:47:00,2024-01-06T05:45:00,2024-01-06T08:55:00,0.0,none,0,5,5,1
FLT0151,UA,UA6209,Boeing 737,LAX,ATL,1942.3,2024-01-12T08:45:00,2024-01-12T13:09:00,2024-01-12T08:45:00,2024-01-12T13:13:00,0.0,none,0,8,4,1
FLT0152,NK,NK3772,Airbus A320,ATL,SEA,2177.8,2024-01-09T09:30:00,2024-01-09T14:21:00,2024-01-09T09:30:00,2024-01-09T14:24:00,0.0,none,0,9,1,1
FLT0153,NK,NK3550,Airbus A320,ATL,JFK,759.3,2024-01-02T21:30:00,2024-01-02T23:37:00,2024-01-02T21:39:02.432132,2024-01-02T23:47:02.432132,9.0,nas,0,21,1,1
FLT0154,B6,B68457,Boeing 737,LAX,DFW,1232.1,2024-01-09T07:30:00,2024-01-09T10:32:00,2024-01-09T07:30:00,2024-01-09T10:38:00,0.0,none,0,7,1,1
FLT0155,WN,WN8419,Airbus A321,JFK,DFW,1388.8,2024-01-07T15:45:00,2024-01-07T19:05:00,2024-01-07T16:02:56.590352,2024-01-07T19:30:56.590352,17.9,carrier,1,15,6,1
FLT0156,UA,UA8933,Boeing 737,JFK,ATL,759.3,2024-01-07T13:30:00,2024-01-07T15:37:00,2024-01-07T13:30:00,2024-01-07T15:37:00,0.0,none,0,13,6,1
FLT0157,DL,DL3503,Boeing 777,ORD,DFW,801.6,2024-01-13T14:00:00,2024-01-13T16:12:00,2024-01-13T14:00:00,2024-01-13T16:13:00,0.0,none,0,14,5,1
FLT0158,AA,AA7555,Boeing 737,ORD,JFK,738.2,2024-01-11T11:15:00,2024-01-11T13:20:00,2024-01-11T11:32:18.548372,2024-01-11T13:43:18.548372,17.3,security,1,11,3,1
FLT0159,NK,NK6949,Airbus A320,LAX,JFK,2469.5,2024-01-19T12:00:00,2024-01-19T17:24:00,2024-01-19T12:00:00,2024-01-19T17:25:00,0.0,none,0,12,4,1
FLT0160,AS,AS9165,Airbus A321,DEN,LAX,860.5,2024-01-02T08:15:00,2024-01-02T10:34:00,2024-01-02T08:15:00,2024-01-02T10:34:00,0.0,none,0,8,1,1
FLT0161,WN,WN8071,Boeing 777,BOS,LAX,2605.2,2024-01-30T10:15:00,2024-01-30T15:55:00,2024-01-30T10:15:00,2024-01-30T16:04:00,0.0,none,0,10,1,1
FLT0162,DL,DL6699,Boeing 777,SFO,MIA,2581.4,2024-01-04T16:15:00,2024-01-04T21:52:00,2024-01-04T17:10:47.366606,2024-01-04T22:52:47.366606,55.8,carrier,1,16,3,1
FLT0163,AS,AS3898,Boeing 777,DFW,ATL,730.0,2024-01-19T11:45:00,2024-01-19T13:49:00,2024-01-19T11:50:46.138150,2024-01-19T14:03:46.138150,5.8,carrier,0,11,4,1
FLT0164,AA,AA3125,Boeing 737,SEA,ORD,1716.1,2024-01-17T11:15:00,2024-01-17T15:13:00,2024-01-17T11:15:00,2024-01-17T15:18:00,0.0,none,0,11,2,1
FLT0165,DL,DL5308,Airbus A321,ATL,MIA,596.1,2024-01-12T20:00:00,2024-01-12T21:48:00,2024-01-12T20:00:00,2024-01-12T21:53:00,0.0,none,0,20,4,1
FLT0166,WN,WN1128,Airbus A321,DEN,BOS,1749.5,2024-01-18T06:30:00,2024-01-18T10:31:00,2024-01-18T06:30:00,2024-01-18T10:39:00,0.0,none,0,6,3,1
FLT0167,AA,AA3421,Airbus A320,BOS,SFO,2697.5,2024-01-01T16:00:00,2024-01-01T21:51:00,2024-01-01T16:00:00,2024-01-01T21:51:00,0.0,none,0,16,0,1
FLT0168,DL,DL8816,Airbus A321,BOS,LAX,2605.2,2024-01-15T08:15:00,2024-01-15T13:55:00,2024-01-15T08:15:00,2024-01-15T14:04:00,0.0,none,0,8,0,1
FLT0169,WN,WN2226,Airbus A320,BOS,DFW,1559.0,2024-01-17T06:15:00,2024-01-17T09:54:00,2024-01-17T06:15:00,2024-01-17T09:55:00,0.0,none,0,6,2,1
FLT0170,F9,F95837,Boeing 777,DEN,ORD,886.1,2024-01-29T19:45:00,2024-01-29T22:07:00,2024-01-29T19:45:00,2024-01-29T22:16:00,0.0,none,0,19,0,1
FLT0171,AS,AS9108,Boeing 777,DEN,LAX,860.5,2024-01-25T14:15:00,2024-01-25T16:34:00,2024-01-25T14:15:00,2024-01-25T16:41:00,0.0,none,0,14,3,1
FLT0172,DL,DL7089,Boeing 777,DFW,BOS,1559.0,2024-01-13T07:00:00,2024-01-13T10:39:00,2024-01-13T07:00:00,2024-01-13T10:39:00,0.0,none,0,7,5,1
FLT0173,UA,UA6303,Airbus A320,BOS,SEA,2488.7,2024-01-01T21:30:00,2024-01-02T02:57:00,2024-01-01T21:30:00,2024-01-02T03:02:00,0.0,none,0,21,0,1
FLT0174,UA,UA4528,Boeing 737,LAX,DFW,1232.1,2024-01-19T07:00:00,2024-01-19T10:02:00,2024-01-19T07:00:00,2024-01-19T10:11:00,0.0,none,0,7,4,1
FLT0175,AA,AA5866,Airbus A320,LAX,SFO,337.8,2024-01-11T08:00:00,2024-01-11T09:18:00,2024-01-11T08:27:55.592022,2024-01-11T09:47:55.592022,27.9,late_aircraft,1,8,3,1
FLT0176,F9,F96640,Boeing 737,BOS,DEN,1749.5,2024-01-20T11:15:00,2024-01-20T15:16:00,2024-01-20T11:28:10.742398,2024-01-20T15:33:10.742398,13.2,late_aircraft,0,11,5,1
FLT0177,NK,NK9123,Boeing 737,LAX,MIA,2338.2,2024-01-10T14:45:00,2024-01-10T19:54:00,2024-01-10T14:45:00,2024-01-10T20:01:00,0.0,none,0,14,2,1
FLT0178,AS,AS7107,Boeing 777,JFK,ORD,738.2,2024-01-26T21:00:00,2024-01-26T23:05:00,2024-01-26T21:00:00,2024-01-26T23:13:00,0.0,none,0,21,4,1
FLT0179,AA,AA6771,Airbus A321,MIA,ATL,596.1,2024-01-02T08:45:00,2024-01-02T10:33:00,2024-01-02T09:12:09.295173,2024-01-02T11:01:09.295173,27.2,late_aircraft,1,8,1,1
FLT0180,UA,UA9235,Airbus A321,LAX,MIA,2338.2,2024-01-25T07:45:00,2024-01-25T12:54:00,2024-01-25T07:45:00,2024-01-25T13:00:00,0.0,none,0,7,3,1
FLT0181,WN,WN4620,Boeing 777,SFO,ORD,1841.8,2024-01-17T22:45:00,2024-01-18T02:57:00,2024-01-17T22:45:00,2024-01-18T03:04:00,0.0,none,0,22,2,1
FLT0182,F9,F98367,Airbus A320,DFW,MIA,1120.1,2024-01-11T08:15:00,2024-01-11T11:04:00,2024-01-11T08:41:17.292917,2024-01-11T11:31:17.292917,26.3,carrier,1,8,3,1
FLT0183,F9,F9502,Boeing 737,DEN,JFK,1621.8,2024-01-05T20:00:00,2024-01-05T23:47:00,2024-01-05T20:17:21.424418,2024-01-06T00:12:21.424418,17.4,security,1,20,4,1
FLT0184,F9,F92681,Airbus A320,JFK,SFO,2580.0,2024-01-05T21:00:00,2024-01-06T02:37:00,2024-01-05T21:00:00,2024-01-06T02:40:00,0.0,none,0,21,4,1
FLT0185,F9,F91363,Boeing 777,SFO,SEA,679.1,2024-01-07T14:45:00,2024-01-07T16:43:00,2024-01-07T14:45:00,2024-01-07T16:49:00,0.0,none,0,14,6,1
FLT0186,UA,UA6202,Boeing 777,JFK,LAX,2469.5,2024-01-07T12:15:00,2024-01-07T17:39:00,2024-01-07T12:31:52.890735,2024-01-07T17:59:52.890735,16.9,carrier,1,12,6,1
FLT0187,UA,UA7178,Airbus A321,SEA,LAX,955.1,2024-01-21T07:15:00,2024-01-21T09:45:00,2024-01-21T07:15:00,2024-01-21T09:54:00,0.0,none,0,7,6,1
FLT0188,WN,WN2841,Airbus A321,SEA,LAX,955.1,2024-01-04T15:15:00,2024-01-04T17:45:00,2024-01-04T15:15:00,2024-01-04T17:54:00,0.0,none,0,15,3,1
FLT0189,UA,UA7224,Airbus A320,JFK,ATL,759.3,2024-01-15T21:15:00,2024-01-15T23:22:00,2024-01-15T21:15:00,2024-01-15T23:24:00,0.0,none,0,21,0,1
FLT0190,AA,AA8029,Airbus A321,SFO,JFK,2580.0,2024-01-30T05:15:00,2024-01-30T10:52:00,2024-01-30T05:15:00,2024-01-30T10:59:00,0.0,none,0,5,1,1
FLT0191,B6,B63086,Boeing 777,SEA,DEN,1022.4,2024-01-24T21:15:00,2024-01-24T23:52:00,2024-01-24T21:15:00,2024-01-24T23:59:00,0.0,none,0,21,2,1
FLT0192,NK,NK3756,Airbus A320,DFW,SEA,1657.7,2024-01-21T21:45:00,2024-01-22T01:36:00,2024-01-21T21:45:00,2024-01-22T01:42:00,0.0,none,0,21,6,1
FLT0193,B6,B62323,Airbus A321,MIA,JFK,1091.7,2024-01-14T14:00:00,2024-01-14T16:45:00,2024-01-14T14:49:24.251100,2024-01-14T17:35:24.251100,49.4,carrier,1,14,6,1
FLT0194,F9,F97303,Airbus A321,SEA,ORD,1716.1,2024-01-04T06:45:00,2024-01-04T10:43:00,2024-01-04T07:13:47.321523,2024-01-04T11:12:47.321523,28.8,carrier,1,6,3,1
FLT0195,UA,UA7099,Airbus A320,LAX,MIA,2338.2,2024-01-06T18:15:00,2024-01-06T23:24:00,2024-01-06T18:38:10.386900,2024-01-06T23:50:10.386900,23.2,weather,1,18,5,1
FLT0196,NK,NK2140,Boeing 777,DEN,MIA,1707.9,2024-01-03T12:15:00,2024-01-03T16:12:00,2024-01-03T12:15:00,2024-01-03T16:13:00,0.0,none,0,12,2,1
FLT0197,WN,WN7217,Boeing 737,BOS,DFW,1559.0,2024-01-08T11:15:00,2024-01-08T14:54:00,2024-01-08T11:15:00,2024-01-08T14:57:00,0.0,none,0,11,0,1
FLT0198,DL,DL8617,Boeing 777,MIA,BOS,1260.0,2024-01-10T08:15:00,2024-01-10T11:20:00,2024-01-10T08:15:00,2024-01-10T11:27:00,0.0,none,0,8,2,1
FLT0199,NK,NK6273,Airbus A321,BOS,ORD,864.3,2024-01-23T06:45:00,2024-01-23T09:04:00,2024-01-23T06:45:00,2024-01-23T09:04:00,0.0,none,0,6,1,1
FLT0200,AA,AA7133,Boeing 737,SEA,ATL,2177.8,2024-01-27T19:45:00,2024-01-28T00:36:00,2024-01-27T19:45:00,2024-01-28T00:43:00,0.0,none,0,19,5,1
FLT0201,NK,NK9895,Boeing 737,ATL,SFO,2134.4,2024-01-15T13:15:00,2024-01-15T18:01:00,2024-01-15T13:15:00,2024-01-15T18:07:00,0.0,none,0,13,0,1
FLT0202,F9,F91687,Boeing 777,ORD,SEA,1716.1,2024-01-24T06:45:00,2024-01-24T10:43:00,2024-01-24T06:45:00,2024-01-24T10:44:00,0.0,none,0,6,2,1
FLT0203,UA,UA2313,Boeing 737,LAX,ATL,1942.3,2024-01-09T19:30:00,2024-01-09T23:54:00,2024-01-09T19:40:33.812069,2024-01-10T00:06:33.812069,10.6,weather,0,19,1,1
FLT0204,UA,UA7423,Boeing 737,SEA,JFK,2415.0,2024-01-29T18:15:00,2024-01-29T23:33:00,2024-01-29T18:15:00,2024-01-29T23:39:00,0.0,none,0,18,0,1
FLT0205,NK,NK4260,Boeing 737,ORD,BOS,864.3,2024-01-08T21:45:00,2024-01-09T00:04:00,2024-01-08T21:45:00,2024-01-09T00:13:00,0.0,none,0,21,0,1
FLT0206,NK,NK5829,Boeing 777,ORD,BOS,864.3,2024-01-29T15:15:00,2024-01-29T17:34:00,2024-01-29T15:35:29.604106,2024-01-29T18:00:29.604106,20.5,nas,1,15,0,1
FLT0207,AA,AA2167,Boeing 737,SEA,BOS,2488.7,2024-01-07T17:00:00,2024-01-07T22:27:00,2024-01-07T17:00:00,2024-01-07T22:35:00,0.0,none,0,17,6,1
FLT0208,DL,DL2441,Boeing 737,BOS,SFO,2697.5,2024-01-25T18:00:00,2024-01-25T23:51:00,2024-01-25T18:00:00,2024-01-25T23:52:00,0.0,none,0,18,3,1
FLT0209,B6,B61429,Airbus A321,LAX,DEN,860.5,2024-01-13T12:15:00,2024-01-13T14:34:00,2024-01-13T12:15:00,2024-01-13T14:41:00,0.0,none,0,12,5,1
FLT0210,NK,NK9697,Boeing 737,LAX,ATL,1942.3,2024-01-13T09:45:00,2024-01-13T14:09:00,2024-01-13T09:45:00,2024-01-13T14:09:00,0.0,none,0,9,5,1
FLT0211,NK,NK6399,Boeing 777,ATL,DFW,730.0,2024-01-07T08:00:00,2024-01-07T10:04:00,2024-01-07T08:23:28.886546,2024-01-07T10:32:28.886546,23.5,security,1,8,6,1
FLT0212,WN,WN2632,Boeing 737,ORD,SFO,1841.8,2024-01-08T09:00:00,2024-01-08T13:12:00,2024-01-08T12:00:00,2024-01-08T16:18:00,180.0,nas,1,9,0,1
FLT0213,NK,NK2556,Airbus A321,JFK,LAX,2469.5,2024-01-20T12:45:00,2024-01-20T18:09:00,2024-01-20T12:45:00,2024-01-20T18:15:00,0.0,none,0,12,5,1
FLT0214,NK,NK6064,Boeing 737,JFK,ORD,738.2,2024-01-02T20:45:00,2024-01-02T22:50:00,2024-01-02T20:45:00,2024-01-02T22:55:00,0.0,none,0,20,1,1
FLT0215,AS,AS9845,Airbus A320,MIA,LAX,2338.2,2024-01-29T06:30:00,2024-01-29T11:39:00,2024-01-29T06:30:00,2024-01-29T11:40:00,0.0,none,0,6,0,1
FLT0216,AS,AS8590,Boeing 777,BOS,JFK,186.3,2024-01-23T16:15:00,2024-01-23T17:16:00,2024-01-23T16:35:57.789246,2024-01-23T17:41:57.789246,21.0,carrier,1,16,1,1
FLT0217,AS,AS7987,Boeing 737,MIA,DEN,1707.9,2024-01-28T19:00:00,2024-01-28T22:57:00,2024-01-28T19:00:00,2024-01-28T22:59:00,0.0,none,0,19,6,1
FLT0218,DL,DL3619,Airbus A320,MIA,DFW,1120.1,2024-01-29T05:30:00,2024-01-29T08:19:00,2024-01-29T05:30:00,2024-01-29T08:22:00,0.0,none,0,5,0,1
FLT0219,DL,DL5213,Airbus A321,ATL,SFO,2134.4,2024-01-30T08:00:00,2024-01-30T12:46:00,2024-01-30T08:00:00,2024-01-30T12:46:00,0.0,none,0,8,1,1
FLT0220,DL,DL2430,Airbus A320,SFO,DFW,1461.5,2024-01-30T13:45:00,2024-01-30T17:13:00,2024-01-30T13:45:00,2024-01-30T17:15:00,0.0,none,0,13,1,1
FLT0221,AS,AS6093,Boeing 777,ORD,SEA,1716.1,2024-01-25T22:00:00,2024-01-26T01:58:00,2024-01-25T22:00:00,2024-01-26T02:01:00,0.0,none,0,22,3,1
FLT0222,F9,F98685,Boeing 737,JFK,ATL,759.3,2024-01-11T19:45:00,2024-01-11T21:52:00,2024-01-11T19:45:00,2024-01-11T21:56:00,0.0,none,0,19,3,1
FLT0223,UA,UA5521,Airbus A320,DFW,MIA,1120.1,2024-01-08T14:45:00,2024-01-08T17:34:00,2024-01-08T14:45:00,2024-01-08T17:36:00,0.0,none,0,14,0,1
FLT0224,B6,B61168,Airbus A320,DFW,MIA,1120.1,2024-01-08T19:00:00,2024-01-08T21:49:00,2024-01-08T19:00:00,2024-01-08T21:53:00,0.0,none,0,19,0,1
FLT0225,UA,UA271,Airbus A321,DFW,MIA,1120.1,2024-01-16T06:15:00,2024-01-16T09:04:00,2024-01-16T06:15:00,2024-01-16T09:07:00,0.0,none,0,6,1,1
FLT0226,F9,F96811,Airbus A321,BOS,MIA,1260.0,2024-01-11T22:30:00,2024-01-12T01:35:00,2024-01-11T22:30:00,2024-01-12T01:36:00,0.0,none,0,22,3,1
FLT0227,AA,AA398,Boeing 737,MIA,DFW,1120.1,2024-01-06T10:00:00,2024-01-06T12:49:00,2024-01-06T10:11:49.232526,2024-01-06T13:00:49.232526,11.8,late_aircraft,0,10,5,1
FLT0228,B6,B64455,Airbus A320,ATL,BOS,945.1,2024-01-18T06:45:00,2024-01-18T09:14:00,2024-01-18T06:45:00,2024-01-18T09:17:00,0.0,none,0,6,3,1
FLT0229,UA,UA7576,Boeing 737,MIA,BOS,1260.0,2024-01-14T17:15:00,2024-01-14T20:20:00,2024-01-14T17:25:25.493801,2024-01-14T20:34:25.493801,10.4,weather,0,17,6,1
FLT0230,UA,UA4578,Airbus A320,MIA,BOS,1260.0,2024-01-10T22:30:00,2024-01-11T01:35:00,2024-01-10T22:55:49.054120,2024-01-11T02:07:49.054120,25.8,weather,1,22,2,1
FLT0231,AS,AS4507,Airbus A320,DEN,SFO,965.0,2024-01-09T22:30:00,2024-01-10T01:01:00,2024-01-09T22:30:00,2024-01-10T01:03:00,0.0,none,0,22,1,1
FLT0232,AA,AA7536,Boeing 777,LAX,SEA,955.1,2024-01-05T10:30:00,2024-01-05T13:00:00,2024-01-05T10:30:00,2024-01-05T13:06:00,0.0,none,0,10,4,1
FLT0233,UA,UA8468,Airbus A321,ATL,JFK,759.3,2024-01-03T22:00:00,2024-01-04T00:07:00,2024-01-03T22:00:00,2024-01-04T00:14:00,0.0,none,0,22,2,1
FLT0234,F9,F99303,Boeing 777,SFO,ATL,2134.4,2024-01-23T22:15:00,2024-01-24T03:01:00,2024-01-23T22:15:00,2024-01-24T03:08:00,0.0,none,0,22,1,1
FLT0235,WN,WN5194,Airbus A321,BOS,SFO,2697.5,2024-01-19T22:30:00,2024-01-20T04:21:00,2024-01-19T22:30:00,2024-01-20T04:27:00,0.0,none,0,22,4,1
FLT0236,AA,AA6496,Boeing 777,DFW,ATL,730.0,2024-01-15T22:45:00,2024-01-16T00:49:00,2024-01-15T23:30:15.568860,2024-01-16T01:39:15.568860,45.3,weather,1,22,0,1
FLT0237,B6,B62032,Boeing 777,DFW,MIA,1120.1,2024-01-23T17:00:00,2024-01-23T19:49:00,2024-01-23T17:12:47.829284,2024-01-23T20:05:47.829284,12.8,weather,0,17,1,1
FLT0238,AS,AS1648,Airbus A321,SEA,DFW,1657.7,2024-01-13T10:45:00,2024-01-13T14:36:00,2024-01-13T10:45:00,2024-01-13T14:45:00,0.0,none,0,10,5,1
FLT0239,F9,F9187,Airbus A321,BOS,ATL,945.1,2024-01-30T19:00:00,2024-01-30T21:29:00,2024-01-30T19:23:00.893617,2024-01-30T21:59:00.893617,23.0,carrier,1,19,1,1
FLT0240,DL,DL9391,Boeing 777,SFO,JFK,2580.0,2024-01-20T17:45:00,2024-01-20T23:22:00,2024-01-20T18:18:38.260522,2024-01-20T23:57:38.260522,33.6,nas,1,17,5,1
FLT0241,AS,AS1826,Airbus A320,DEN,ORD,886.1,2024-01-30T21:45:00,2024-01-31T00:07:00,2024-01-30T21:53:12.986840,2024-01-31T00:15:12.986840,8.2,carrier,0,21,1,1
FLT0242,NK,NK9854,Boeing 777,SEA,SFO,679.1,2024-01-13T17:30:00,2024-01-13T19:28:00,2024-01-13T17:50:15.770089,2024-01-13T19:53:15.770089,20.3,weather,1,17,5,1
FLT0243,DL,DL6902,Boeing 737,ORD,JFK,738.2,2024-01-23T22:30:00,2024-01-24T00:35:00,2024-01-23T22:42:01.339850,2024-01-24T00:55:01.339850,12.0,carrier,0,22,1,1
FLT0244,WN,WN3887,Boeing 737,JFK,DEN,1621.8,2024-01-18T19:00:00,2024-01-18T22:47:00,2024-01-18T19:06:34.167094,2024-01-18T22:59:34.167094,6.6,carrier,0,19,3,1
FLT0245,AS,AS6848,Boeing 737,ATL,BOS,945.1,2024-01-27T07:00:00,2024-01-27T09:29:00,2024-01-27T07:00:00,2024-01-27T09:32:00,0.0,none,0,7,5,1
FLT0246,WN,WN5638,Boeing 777,BOS,ORD,864.3,2024-01-20T07:30:00,2024-01-20T09:49:00,2024-01-20T07:30:00,2024-01-20T09:57:00,0.0,none,0,7,5,1
FLT0247,WN,WN5482,Airbus A320,BOS,ATL,945.1,2024-01-11T18:00:00,2024-01-11T20:29:00,2024-01-11T18:13:56.224048,2024-01-11T20:45:56.224048,13.9,weather,0,18,3,1
FLT0248,UA,UA1864,Boeing 737,ORD,SEA,1716.1,2024-01-24T14:45:00,2024-01-24T18:43:00,2024-01-24T14:55:44.065657,2024-01-24T18:59:44.065657,10.7,carrier,0,14,2,1
FLT0249,F9,F94415,Boeing 737,MIA,ORD,1199.0,2024-01-14T07:15:00,2024-01-14T10:13:00,2024-01-14T07:15:00,2024-01-14T10:18:00,0.0,none,0,7,6,1
FLT0250,F9,F92402,Airbus A321,SFO,DEN,965.0,2024-01-01T10:45:00,2024-01-01T13:16:00,2024-01-01T11:07:35.875197,2024-01-01T13:39:35.875197,22.6,late_aircraft,1,10,0,1
FLT0251,WN,WN6417,Airbus A320,LAX,SFO,337.8,2024-01-03T06:45:00,2024-01-03T08:03:00,2024-01-03T06:45:00,2024-01-03T08:07:00,0.0,none,0,6,2,1
FLT0252,WN,WN7254,Airbus A320,ATL,LAX,1942.3,2024-01-23T17:00:00,2024-01-23T21:24:00,2024-01-23T17:00:00,2024-01-23T21:29:00,0.0,none,0,17,1,1
FLT0253,F9,F95257,Airbus A320,ATL,DFW,730.0,2024-01-30T07:30:00,2024-01-30T09:34:00,2024-01-30T07:35:04.604939,2024-01-30T09:44:04.604939,5.1,carrier,0,7,1,1
FLT0254,DL,DL1040,Airbus A320,JFK,ORD,738.2,2024-01-26T16:15:00,2024-01-26T18:20:00,2024-01-26T16:25:34.634657,2024-01-26T18:31:34.634657,10.6,security,0,16,4,1
FLT0255,NK,NK1488,Boeing 777,SFO,DEN,965.0,2024-01-05T13:00:00,2024-01-05T15:31:00,2024-01-05T13:10:00.265288,2024-01-05T15:48:00.265288,10.0,carrier,0,13,4,1
FLT0256,AA,AA3594,Airbus A321,DFW,ATL,730.0,2024-01-26T18:30:00,2024-01-26T20:34:00,2024-01-26T18:37:40.442182,2024-01-26T20:42:40.442182,7.7,carrier,0,18,4,1
FLT0257,WN,WN6930,Boeing 777,ATL,SEA,2177.8,2024-01-05T09:00:00,2024-01-05T13:51:00,2024-01-05T09:24:18.341722,2024-01-05T14:17:18.341722,24.3,weather,1,9,4,1
FLT0258,AA,AA4576,Boeing 737,SFO,ATL,2134.4,2024-01-09T12:00:00,2024-01-09T16:46:00,2024-01-09T12:37:11.055513,2024-01-09T17:27:11.055513,37.2,weather,1,12,1,1
FLT0259,AS,AS1534,Boeing 737,ATL,DFW,730.0,2024-01-12T18:45:00,2024-01-12T20:49:00,2024-01-12T18:45:00,2024-01-12T20:51:00,0.0,none,0,18,4,1
FLT0260,F9,F93313,Boeing 737,SFO,DEN,965.0,2024-01-11T20:15:00,2024-01-11T22:46:00,2024-01-11T20:15:00,2024-01-11T22:54:00,0.0,none,0,20,3,1
FLT0261,F9,F99831,Airbus A321,SEA,BOS,2488.7,2024-01-23T21:15:00,2024-01-24T02:42:00,2024-01-23T21:15:00,2024-01-24T02:44:00,0.0,none,0,21,1,1
FLT0262,WN,WN1118,Airbus A321,JFK,SEA,2415.0,2024-01-14T22:30:00,2024-01-15T03:48:00,2024-01-14T23:19:18.646460,2024-01-15T04:37:18.646460,49.3,weather,1,22,6,1
FLT0263,AA,AA5522,Boeing 777,DFW,ATL,730.0,2024-01-15T07:45:00,2024-01-15T09:49:00,2024-01-15T08:07:48.927396,2024-01-15T10:11:48.927396,22.8,carrier,1,7,0,1
FLT0264,NK,NK1716,Boeing 777,JFK,DEN,1621.8,2024-01-16T22:45:00,2024-01-17T02:32:00,2024-01-16T22:45:00,2024-01-17T02:39:00,0.0,none,0,22,1,1
FLT0265,UA,UA7096,Boeing 777,ORD,LAX,1741.0,2024-01-26T20:15:00,2024-01-27T00:15:00,2024-01-26T20:15:00,2024-01-27T00:17:00,0.0,none,0,20,4,1
FLT0266,DL,DL4064,Boeing 777,JFK,LAX,2469.5,2024-01-12T15:00:00,2024-01-12T20:24:00,2024-01-12T15:09:04.237787,2024-01-12T20:38:04.237787,9.1,weather,0,15,4,1
FLT0267,UA,UA515,Airbus A321,MIA,ORD,1199.0,2024-01-14T16:15:00,2024-01-14T19:13:00,2024-01-14T16:15:00,2024-01-14T19:15:00,0.0,none,0,16,6,1
FLT0268,F9,F92340,Airbus A320,DFW,DEN,640.8,2024-01-02T15:15:00,2024-01-02T17:08:00,2024-01-02T15:41:55.670758,2024-01-02T17:43:55.670758,26.9,nas,1,15,1,1
FLT0269,UA,UA4548,Airbus A320,MIA,LAX,2338.2,2024-01-22T17:45:00,2024-01-22T22:54:00,2024-01-22T18:12:12.870237,2024-01-22T23:28:12.870237,27.2,carrier,1,17,0,1
FLT0270,AA,AA3587,Boeing 777,JFK,DFW,1388.8,2024-01-28T15:15:00,2024-01-28T18:35:00,2024-01-28T15:19:07.681913,2024-01-28T18:47:07.681913,4.1,weather,0,15,6,1
FLT0271,UA,UA2985,Airbus A321,ORD,LAX,1741.0,2024-01-12T12:15:00,2024-01-12T16:15:00,2024-01-12T12:42:49.293358,2024-01-12T16:44:49.293358,27.8,weather,1,12,4,1
FLT0272,NK,NK4840,Airbus A321,DEN,SFO,965.0,2024-01-28T05:30:00,2024-01-28T08:01:00,2024-01-28T05:59:12.152636,2024-01-28T08:37:12.152636,29.2,nas,1,5,6,1
FLT0273,AA,AA9277,Airbus A321,ATL,LAX,1942.3,2024-01-24T17:45:00,2024-01-24T22:09:00,2024-01-24T17:45:00,2024-01-24T22:13:00,0.0,none,0,17,2,1
FLT0274,NK,NK8047,Airbus A320,MIA,ATL,596.1,2024-01-03T09:30:00,2024-01-03T11:18:00,2024-01-03T09:30:00,2024-01-03T11:25:00,0.0,none,0,9,2,1
FLT0275,WN,WN8518,Boeing 777,BOS,ATL,945.1,2024-01-03T18:15:00,2024-01-03T20:44:00,2024-01-03T18:56:38.223099,2024-01-03T21:34:38.223099,41.6,weather,1,18,2,1
FLT0276,DL,DL3806,Airbus A320,BOS,JFK,186.3,2024-01-09T20:45:00,2024-01-09T21:46:00,2024-01-09T21:05:48.525039,2024-01-09T22:10:48.525039,20.8,carrier,1,20,1,1
FLT0277,DL,DL6727,Airbus A321,JFK,LAX,2469.5,2024-01-11T15:30:00,2024-01-11T20:54:00,2024-01-11T15:30:00,2024-01-11T21:03:00,0.0,none,0,15,3,1
FLT0278,UA,UA2344,Airbus A321,MIA,JFK,1091.7,2024-01-30T15:45:00,2024-01-30T18:30:00,2024-01-30T15:45:00,2024-01-30T18:35:00,0.0,none,0,15,1,1
FLT0279,B6,B62676,Boeing 737,SFO,ORD,1841.8,2024-01-08T07:45:00,2024-01-08T11:57:00,2024-01-08T07:45:00,2024-01-08T12:00:00,0.0,none,0,7,0,1
FLT0280,F9,F92685,Airbus A321,SFO,DFW,1461.5,2024-01-25T05:00:00,2024-01-25T08:28:00,2024-01-25T05:36:03.621006,2024-01-25T09:07:03.621006,36.1,weather,1,5,3,1
FLT0281,F9,F97662,Boeing 777,LAX,ORD,1741.0,2024-01-10T07:30:00,2024-01-10T11:30:00,2024-01-10T07:43:14.023967,2024-01-10T11:50:14.023967,13.2,weather,0,7,2,1
FLT0282,DL,DL3329,Boeing 777,BOS,ORD,864.3,2024-01-15T18:45:00,2024-01-15T21:04:00,2024-01-15T18:50:07.035593,2024-01-15T21:12:07.035593,5.1,security,0,18,0,1
FLT0283,AA,AA1253,Airbus A320,SEA,ATL,2177.8,2024-01-13T10:00:00,2024-01-13T14:51:00,2024-01-13T10:29:30.765989,2024-01-13T15:25:30.765989,29.5,weather,1,10,5,1
FLT0284,F9,F94932,Boeing 737,JFK,DFW,1388.8,2024-01-20T13:00:00,2024-01-20T16:20:00,2024-01-20T13:00:00,2024-01-20T16:24:00,0.0,none,0,13,5,1
FLT0285,WN,WN1962,Boeing 737,MIA,DFW,1120.1,2024-01-12T20:30:00,2024-01-12T23:19:00,2024-01-12T20:39:01.871370,2024-01-12T23:34:01.871370,9.0,weather,0,20,4,1
FLT0286,NK,NK266,Boeing 777,ORD,SEA,1716.1,2024-01-19T10:15:00,2024-01-19T14:13:00,2024-01-19T10:15:00,2024-01-19T14:22:00,0.0,none,0,10,4,1
FLT0287,AA,AA7137,Boeing 777,SFO,ORD,1841.8,2024-01-29T10:30:00,2024-01-29T14:42:00,2024-01-29T10:30:00,2024-01-29T14:45:00,0.0,none,0,10,0,1
FLT0288,UA,UA7071,Airbus A321,BOS,SEA,2488.7,2024-01-30T19:15:00,2024-01-31T00:42:00,2024-01-30T19:15:00,2024-01-31T00:42:00,0.0,none,0,19,1,1
FLT0289,NK,NK5948,Airbus A321,SFO,JFK,2580.0,2024-01-22T20:45:00,2024-01-23T02:22:00,2024-01-22T20:45:00,2024-01-23T02:26:00,0.0,none,0,20,0,1
FLT0290,B6,B64934,Boeing 777,BOS,ATL,945.1,2024-01-02T06:30:00,2024-01-02T08:59:00,2024-01-02T06:30:00,2024-01-02T09:06:00,0.0,none,0,6,1,1
FLT0291,UA,UA2823,Boeing 777,JFK,LAX,2469.5,2024-01-11T17:30:00,2024-01-11T22:54:00,2024-01-11T17:49:28.020162,2024-01-11T23:13:28.020162,19.5,nas,1,17,3,1
FLT0292,AA,AA8999,Boeing 737,DEN,LAX,860.5,2024-01-22T15:30:00,2024-01-22T17:49:00,2024-01-22T15:42:13.574871,2024-01-22T18:07:13.574871,12.2,nas,0,15,0,1
FLT0293,WN,WN1014,Boeing 777,BOS,MIA,1260.0,2024-01-29T10:45:00,2024-01-29T13:50:00,2024-01-29T10:45:00,2024-01-29T13:58:00,0.0,none,0,10,0,1
FLT0294,AA,AA3982,Boeing 777,MIA,SFO,2581.4,2024-01-13T10:30:00,2024-01-13T16:07:00,2024-01-13T10:30:00,2024-01-13T16:15:00,0.0,none,0,10,5,1
FLT0295,WN,WN6192,Airbus A321,JFK,LAX,2469.5,2024-01-11T07:15:00,2024-01-11T12:39:00,2024-01-11T07:15:00,2024-01-11T12:47:00,0.0,none,0,7,3,1
FLT0296,UA,UA1417,Airbus A320,MIA,JFK,1091.7,2024-01-03T05:15:00,2024-01-03T08:00:00,2024-01-03T05:16:43.888756,2024-01-03T08:02:43.888756,1.7,weather,0,5,2,1
FLT0297,NK,NK8340,Boeing 777,DFW,ATL,730.0,2024-01-18T07:15:00,2024-01-18T09:19:00,2024-01-18T07:43:59.219748,2024-01-18T09:49:59.219748,29.0,carrier,1,7,3,1
FLT0298,DL,DL178,Airbus A320,SFO,DEN,965.0,2024-01-03T10:00:00,2024-01-03T12:31:00,2024-01-03T10:00:00,2024-01-03T12:40:00,0.0,none,0,10,2,1
FLT0299,UA,UA4755,Airbus A320,JFK,DEN,1621.8,2024-01-26T17:45:00,2024-01-26T21:32:00,2024-01-26T17:58:34.168089,2024-01-26T21:52:34.168089,13.6,nas,0,17,4,1
FLT0300,UA,UA5763,Airbus A321,ATL,SEA,2177.8,2024-01-24T20:15:00,2024-01-25T01:06:00,2024-01-24T20:15:00,2024-01-25T01:10:00,0.0,none,0,20,2,1
FLT0301,DL,DL8291,Boeing 777,JFK,BOS,186.3,2024-01-15T06:45:00,2024-01-15T07:46:00,2024-01-15T06:45:00,2024-01-15T07:53:00,0.0,none,0,6,0,1
FLT0302,UA,UA8081,Airbus A321,DFW,JFK,1388.8,2024-01-16T09:15:00,2024-01-16T12:35:00,2024-01-16T09:35:16.481186,2024-01-16T12:55:16.481186,20.3,weather,1,9,1,1
FLT0303,AA,AA3025,Airbus A321,LAX,SEA,955.1,2024-01-05T13:30:00,2024-01-05T16:00:00,2024-01-05T13:54:44.670394,2024-01-05T16:25:44.670394,24.7,weather,1,13,4,1
FLT0304,NK,NK8457,Boeing 777,DEN,LAX,860.5,2024-01-02T11:30:00,2024-01-02T13:49:00,2024-01-02T11:30:00,2024-01-02T13:52:00,0.0,none,0,11,1,1
FLT0305,AS,AS2291,Airbus A321,JFK,SFO,2580.0,2024-01-18T08:45:00,2024-01-18T14:22:00,2024-01-18T09:51:47.680659,2024-01-18T15:34:47.680659,66.8,carrier,1,8,3,1
FLT0306,DL,DL8738,Boeing 777,MIA,SEA,2721.3,2024-01-27T12:45:00,2024-01-27T18:39:00,2024-01-27T12:45:00,2024-01-27T18:46:00,0.0,none,0,12,5,1
FLT0307,WN,WN3549,Boeing 737,ATL,DEN,1197.0,2024-01-21T21:45:00,2024-01-22T00:43:00,2024-01-21T21:45:00,2024-01-22T00:52:00,0.0,none,0,21,6,1
FLT0308,AA,AA1616,Airbus A321,DFW,ORD,801.6,2024-01-16T07:00:00,2024-01-16T09:12:00,2024-01-16T07:16:35.848842,2024-01-16T09:36:35.848842,16.6,nas,1,7,1,1
FLT0309,NK,NK8928,Airbus A320,MIA,BOS,1260.0,2024-01-03T06:30:00,2024-01-03T09:35:00,2024-01-03T06:30:00,2024-01-03T09:35:00,0.0,none,0,6,2,1
FLT0310,B6,B64184,Boeing 777,SFO,MIA,2581.4,2024-01-10T21:30:00,2024-01-11T03:07:00,2024-01-10T21:30:00,2024-01-11T03:08:00,0.0,none,0,21,2,1
FLT0311,WN,WN8396,Airbus A320,MIA,SEA,2721.3,2024-01-30T13:00:00,2024-01-30T18:54:00,2024-01-30T13:00:00,2024-01-30T18:57:00,0.0,none,0,13,1,1
FLT0312,B6,B61973,Airbus A320,DEN,JFK,1621.8,2024-01-13T20:30:00,2024-01-14T00:17:00,2024-01-13T20:30:00,2024-01-14T00:23:00,0.0,none,0,20,5,1
FLT0313,NK,NK5592,Airbus A320,ORD,MIA,1199.0,2024-01-19T22:30:00,2024-01-20T01:28:00,2024-01-19T22:55:20.707711,2024-01-20T02:02:20.707711,25.3,carrier,1,22,4,1
FLT0314,AS,AS9611,Airbus A320,JFK,ORD,738.2,2024-01-18T08:00:00,2024-01-18T10:05:00,2024-01-18T08:00:00,2024-01-18T10:08:00,0.0,none,0,8,3,1
FLT0315,DL,DL3370,Boeing 737,ORD,DFW,801.6,2024-01-14T20:45:00,2024-01-14T22:57:00,2024-01-14T20:45:00,2024-01-14T22:59:00,0.0,none,0,20,6,1
FLT0316,UA,UA9451,Boeing 737,LAX,MIA,2338.2,2024-01-06T07:15:00,2024-01-06T12:24:00,2024-01-06T07:15:00,2024-01-06T12:33:00,0.0,none,0,7,5,1
FLT0317,AA,AA9241,Airbus A320,DFW,ORD,801.6,2024-01-25T20:15:00,2024-01-25T22:27:00,2024-01-25T20:15:00,2024-01-25T22:32:00,0.0,none,0,20,3,1
FLT0318,AS,AS9914,Airbus A320,DEN,BOS,1749.5,2024-01-13T08:00:00,2024-01-13T12:01:00,2024-01-13T08:00:00,2024-01-13T12:07:00,0.0,none,0,8,5,1
FLT0319,F9,F95023,Airbus A321,SFO,ORD,1841.8,2024-01-25T17:15:00,2024-01-25T21:27:00,2024-01-25T17:15:00,2024-01-25T21:34:00,0.0,none,0,17,3,1
FLT0320,WN,WN8733,Boeing 737,SEA,ORD,1716.1,2024-01-02T15:45:00,2024-01-02T19:43:00,2024-01-02T16:06:34.679918,2024-01-02T20:10:34.679918,21.6,carrier,1,15,1,1
FLT0321,UA,UA4043,Airbus A320,ORD,JFK,738.2,2024-01-07T10:45:00,2024-01-07T12:50:00,2024-01-07T10:56:26.866942,2024-01-07T13:04:26.866942,11.4,weather,0,10,6,1
FLT0322,F9,F99478,Airbus A321,MIA,DFW,1120.1,2024-01-19T10:45:00,2024-01-19T13:34:00,2024-01-19T10:45:00,2024-01-19T13:34:00,0.0,none,0,10,4,1
FLT0323,NK,NK1518,Boeing 777,ORD,SEA,1716.1,2024-01-19T16:30:00,2024-01-19T20:28:00,2024-01-19T17:55:54.194660,2024-01-19T21:54:54.194660,85.9,carrier,1,16,4,1
FLT0324,UA,UA6193,Boeing 777,ORD,JFK,738.2,2024-01-16T10:30:00,2024-01-16T12:35:00,2024-01-16T10:50:02.964693,2024-01-16T12:59:02.964693,20.0,late_aircraft,1,10,1,1
FLT0325,DL,DL5532,Airbus A320,BOS,ORD,864.3,2024-01-17T09:15:00,2024-01-17T11:34:00,2024-01-17T09:15:00,2024-01-17T11:37:00,0.0,none,0,9,2,1
FLT0326,B6,B61242,Airbus A320,JFK,BOS,186.3,2024-01-08T09:15:00,2024-01-08T10:16:00,2024-01-08T09:15:00,2024-01-08T10:22:00,0.0,none,0,9,0,1
FLT0327,AA,AA6619,Airbus A320,ORD,SFO,1841.8,2024-01-19T10:15:00,2024-01-19T14:27:00,2024-01-19T10:38:52.688894,2024-01-19T14:53:52.688894,23.9,late_aircraft,1,10,4,1
FLT0328,NK,NK9296,Boeing 737,MIA,SFO,2581.4,2024-01-25T11:30:00,2024-01-25T17:07:00,2024-01-25T11:30:00,2024-01-25T17:15:00,0.0,none,0,11,3,1
FLT0329,DL,DL2125,Boeing 737,DEN,LAX,860.5,2024-01-01T10:45:00,2024-01-01T13:04:00,2024-01-01T11:03:59.487952,2024-01-01T13:30:59.487952,19.0,carrier,1,10,0,1
FLT0330,AA,AA8199,Boeing 777,ATL,LAX,1942.3,2024-01-13T20:45:00,2024-01-14T01:09:00,2024-01-13T20:45:00,2024-01-14T01:17:00,0.0,none,0,20,5,1
FLT0331,WN,WN8380,Airbus A320,DEN,SEA,1022.4,2024-01-03T11:15:00,2024-01-03T13:52:00,2024-01-03T11:15:00,2024-01-03T13:56:00,0.0,none,0,11,2,1
FLT0332,UA,UA7886,Airbus A320,ATL,DEN,1197.0,2024-01-23T13:00:00,2024-01-23T15:58:00,2024-01-23T13:00:00,2024-01-23T16:06:00,0.0,none,0,13,1,1
FLT0333,DL,DL1438,Boeing 777,DFW,JFK,1388.8,2024-01-27T21:45:00,2024-01-28T01:05:00,2024-01-27T21:45:00,2024-01-28T01:05:00,0.0,none,0,21,5,1
FLT0334,F9,F93574,Boeing 737,LAX,ORD,1741.0,2024-01-26T15:45:00,2024-01-26T19:45:00,2024-01-26T15:45:00,2024-01-26T19:54:00,0.0,none,0,15,4,1
FLT0335,AA,AA5928,Boeing 777,SFO,DEN,965.0,2024-01-18T07:15:00,2024-01-18T09:46:00,2024-01-18T07:44:14.313848,2024-01-18T10:24:14.313848,29.2,weather,1,7,3,1
FLT0336,UA,UA2569,Airbus A321,MIA,BOS,1260.0,2024-01-19T17:30:00,2024-01-19T20:35:00,2024-01-19T17:30:00,2024-01-19T20:41:00,0.0,none,0,17,4,1
FLT0337,DL,DL8301,Airbus A321,DFW,LAX,1232.1,2024-01-22T19:45:00,2024-01-22T22:47:00,2024-01-22T19:45:00,2024-01-22T22:49:00,0.0,none,0,19,0,1
FLT0338,WN,WN2417,Airbus A321,DFW,MIA,1120.1,2024-01-24T05:30:00,2024-01-24T08:19:00,2024-01-24T05:30:00,2024-01-24T08:20:00,0.0,none,0,5,2,1
FLT0339,AA,AA7649,Boeing 737,MIA,DFW,1120.1,2024-01-14T21:45:00,2024-01-15T00:34:00,2024-01-14T21:45:00,2024-01-15T00:39:00,0.0,none,0,21,6,1
FLT0340,NK,NK3969,Airbus A321,ORD,BOS,864.3,2024-01-12T21:15:00,2024-01-12T23:34:00,2024-01-12T21:15:00,2024-01-12T23:39:00,0.0,none,0,21,4,1
FLT0341,WN,WN5028,Boeing 777,SFO,JFK,2580.0,2024-01-18T12:15:00,2024-01-18T17:52:00,2024-01-18T12:15:00,2024-01-18T17:54:00,0.0,none,0,12,3,1
FLT0342,DL,DL6576,Airbus A321,SFO,ORD,1841.8,2024-01-16T07:15:00,2024-01-16T11:27:00,2024-01-16T07:15:00,2024-01-16T11:27:00,0.0,none,0,7,1,1
FLT0343,UA,UA7448,Airbus A320,BOS,SFO,2697.5,2024-01-05T06:30:00,2024-01-05T12:21:00,2024-01-05T06:30:00,2024-01-05T12:24:00,0.0,none,0,6,4,1
FLT0344,F9,F95010,Airbus A321,ORD,LAX,1741.0,2024-01-16T07:45:00,2024-01-16T11:45:00,2024-01-16T07:45:00,2024-01-16T11:47:00,0.0,none,0,7,1,1
FLT0345,B6,B66764,Airbus A320,LAX,DEN,860.5,2024-01-25T14:00:00,2024-01-25T16:19:00,2024-01-25T14:00:00,2024-01-25T16:27:00,0.0,none,0,14,3,1
FLT0346,UA,UA3588,Boeing 737,JFK,DFW,1388.8,2024-01-25T15:30:00,2024-01-25T18:50:00,2024-01-25T15:30:00,2024-01-25T18:53:00,0.0,none,0,15,3,1
FLT0347,AS,AS5306,Airbus A321,SFO,SEA,679.1,2024-01-30T06:00:00,2024-01-30T07:58:00,2024-01-30T06:56:13.198447,2024-01-30T08:57:13.198447,56.2,weather,1,6,1,1
FLT0348,B6,B68444,Airbus A321,JFK,DFW,1388.8,2024-01-17T14:30:00,2024-01-17T17:50:00,2024-01-17T14:41:28.336170,2024-01-17T18:03:28.336170,11.5,weather,0,14,2,1
FLT0349,DL,DL5973,Boeing 777,LAX,ORD,1741.0,2024-01-12T14:45:00,2024-01-12T18:45:00,2024-01-12T15:19:54.760728,2024-01-12T19:24:54.760728,34.9,weather,1,14,4,1
FLT0350,NK,NK8622,Boeing 777,LAX,MIA,2338.2,2024-01-16T09:30:00,2024-01-16T14:39:00,2024-01-16T09:58:52.881775,2024-01-16T15:09:52.881775,28.9,weather,1,9,1,1
FLT0351,NK,NK1172,Boeing 737,MIA,ATL,596.1,2024-01-07T18:00:00,2024-01-07T19:48:00,2024-01-07T18:56:13.878907,2024-01-07T20:49:13.878907,56.2,nas,1,18,6,1
FLT0352,AS,AS4423,Airbus A320,BOS,SFO,2697.5,2024-01-24T21:45:00,2024-01-25T03:36:00,2024-01-24T21:45:00,2024-01-25T03:41:00,0.0,none,0,21,2,1
FLT0353,WN,WN977,Airbus A320,SEA,DEN,1022.4,2024-01-04T15:15:00,2024-01-04T17:52:00,2024-01-04T15:15:00,2024-01-04T17:57:00,0.0,none,0,15,3,1
FLT0354,AA,AA2271,Airbus A321,JFK,BOS,186.3,2024-01-30T10:00:00,2024-01-30T11:01:00,2024-01-30T10:00:00,2024-01-30T11:02:00,0.0,none,0,10,1,1
FLT0355,B6,B62283,Boeing 777,SFO,DFW,1461.5,2024-01-20T14:30:00,2024-01-20T17:58:00,2024-01-20T15:16:07.887847,2024-01-20T18:44:07.887847,46.1,weather,1,14,5,1
FLT0356,WN,WN5435,Airbus A321,ORD,DEN,886.1,2024-01-21T09:30:00,2024-01-21T11:52:00,2024-01-21T09:30:00,2024-01-21T11:56:00,0.0,none,0,9,6,1
FLT0357,B6,B68516,Boeing 777,JFK,SEA,2415.0,2024-01-23T09:45:00,2024-01-23T15:03:00,2024-01-23T09:45:00,2024-01-23T15:08:00,0.0,none,0,9,1,1
FLT0358,UA,UA6434,Boeing 777,ATL,SEA,2177.8,2024-01-24T11:45:00,2024-01-24T16:36:00,2024-01-24T12:18:43.135561,2024-01-24T17:11:43.135561,33.7,weather,1,11,2,1
FLT0359,B6,B64242,Boeing 737,SFO,MIA,2581.4,2024-01-06T21:00:00,2024-01-07T02:37:00,2024-01-06T21:00:00,2024-01-07T02:39:00,0.0,none,0,21,5,1
FLT0360,B6,B66135,Boeing 737,JFK,DFW,1388.8,2024-01-17T14:15:00,2024-01-17T17:35:00,2024-01-17T14:48:28.919044,2024-01-17T18:14:28.919044,33.5,weather,1,14,2,1
FLT0361,UA,UA8617,Boeing 777,MIA,DEN,1707.9,2024-01-30T21:30:00,2024-01-31T01:27:00,2024-01-30T21:41:31.670650,2024-01-31T01:39:31.670650,11.5,nas,0,21,1,1
FLT0362,DL,DL5275,Boeing 777,DEN,ATL,1197.0,2024-01-25T18:30:00,2024-01-25T21:28:00,2024-01-25T18:30:00,2024-01-25T21:32:00,0.0,none,0,18,3,1
FLT0363,UA,UA5914,Boeing 737,JFK,SFO,2580.0,2024-01-24T11:15:00,2024-01-24T16:52:00,2024-01-24T11:26:50.159282,2024-01-24T17:11:50.159282,11.8,carrier,0,11,2,1
FLT0364,DL,DL5407,Airbus A321,JFK,MIA,1091.7,2024-01-12T16:15:00,2024-01-12T19:00:00,2024-01-12T16:15:00,2024-01-12T19:04:00,0.0,none,0,16,4,1
FLT0365,WN,WN6871,Airbus A320,DEN,ORD,886.1,2024-01-20T22:15:00,2024-01-21T00:37:00,2024-01-20T22:15:00,2024-01-21T00:46:00,0.0,none,0,22,5,1
FLT0366,AS,AS3067,Airbus A321,LAX,DFW,1232.1,2024-01-04T12:15:00,2024-01-04T15:17:00,2024-01-04T12:15:00,2024-01-04T15:23:00,0.0,none,0,12,3,1
FLT0367,DL,DL1526,Boeing 777,ORD,JFK,738.2,2024-01-19T21:15:00,2024-01-19T23:20:00,2024-01-19T21:27:43.966206,2024-01-19T23:33:43.966206,12.7,weather,0,21,4,1
FLT0368,DL,DL4748,Airbus A320,ORD,SFO,1841.8,2024-01-01T07:00:00,2024-01-01T11:12:00,2024-01-01T07:00:00,2024-01-01T11:15:00,0.0,none,0,7,0,1
FLT0369,AS,AS6489,Airbus A320,DEN,ORD,886.1,2024-01-01T13:45:00,2024-01-01T16:07:00,2024-01-01T14:03:18.094019,2024-01-01T16:30:18.094019,18.3,late_aircraft,1,13,0,1
FLT0370,WN,WN1331,Boeing 777,ATL,DEN,1197.0,2024-01-03T12:45:00,2024-01-03T15:43:00,2024-01-03T12:45:00,2024-01-03T15:48:00,0.0,none,0,12,2,1
FLT0371,F9,F95969,Boeing 737,DEN,DFW,640.8,2024-01-05T12:45:00,2024-01-05T14:38:00,2024-01-05T12:45:00,2024-01-05T14:40:00,0.0,none,0,12,4,1
FLT0372,B6,B61269,Boeing 777,DEN,DFW,640.8,2024-01-18T16:30:00,2024-01-18T18:23:00,2024-01-18T16:30:00,2024-01-18T18:24:00,0.0,none,0,16,3,1
FLT0373,F9,F95590,Boeing 737,ORD,LAX,1741.0,2024-01-08T09:45:00,2024-01-08T13:45:00,2024-01-08T09:45:00,2024-01-08T13:52:00,0.0,none,0,9,0,1
FLT0374,AS,AS4801,Boeing 777,LAX,MIA,2338.2,2024-01-21T15:00:00,2024-01-21T20:09:00,2024-01-21T15:00:00,2024-01-21T20:13:00,0.0,none,0,15,6,1
FLT0375,B6,B67891,Boeing 777,DFW,SEA,1657.7,2024-01-18T15:00:00,2024-01-18T18:51:00,2024-01-18T15:00:00,2024-01-18T19:00:00,0.0,none,0,15,3,1
FLT0376,UA,UA1395,Airbus A321,SEA,DFW,1657.7,2024-01-03T21:00:00,2024-01-04T00:51:00,2024-01-03T21:00:00,2024-01-04T00:59:00,0.0,none,0,21,2,1
FLT0377,F9,F96530,Airbus A321,BOS,LAX,2605.2,2024-01-09T18:15:00,2024-01-09T23:55:00,2024-01-09T18:15:00,2024-01-09T23:55:00,0.0,none,0,18,1,1
FLT0378,DL,DL6915,Boeing 737,LAX,BOS,2605.2,2024-01-24T08:00:00,2024-01-24T13:40:00,2024-01-24T08:00:00,2024-01-24T13:41:00,0.0,none,0,8,2,1
FLT0379,AA,AA7457,Airbus A320,JFK,ATL,759.3,2024-01-08T17:45:00,2024-01-08T19:52:00,2024-01-08T17:45:00,2024-01-08T20:01:00,0.0,none,0,17,0,1
FLT0380,UA,UA2627,Boeing 777,LAX,ORD,1741.0,2024-01-17T11:15:00,2024-01-17T15:15:00,2024-01-17T11:15:00,2024-01-17T15:24:00,0.0,none,0,11,2,1
FLT0381,B6,B66831,Airbus A320,SEA,LAX,955.1,2024-01-04T09:45:00,2024-01-04T12:15:00,2024-01-04T09:45:00,2024-01-04T12:16:00,0.0,none,0,9,3,1
FLT0382,UA,UA5024,Boeing 737,LAX,MIA,2338.2,2024-01-27T08:30:00,2024-01-27T13:39:00,2024-01-27T09:40:51.728109,2024-01-27T14:56:51.728109,70.9,weather,1,8,5,1
FLT0383,DL,DL9145,Airbus A320,BOS,SFO,2697.5,2024-01-05T08:30:00,2024-01-05T14:21:00,2024-01-05T08:30:00,2024-01-05T14:22:00,0.0,none,0,8,4,1
FLT0384,AA,AA6229,Airbus A321,SFO,MIA,2581.4,2024-01-15T19:30:00,2024-01-16T01:07:00,2024-01-15T19:30:00,2024-01-16T01:14:00,0.0,none,0,19,0,1
FLT0385,AS,AS5387,Boeing 737,DEN,SFO,965.0,2024-01-08T10:30:00,2024-01-08T13:01:00,2024-01-08T10:30:00,2024-01-08T13:07:00,0.0,none,0,10,0,1
FLT0386,B6,B65329,Boeing 777,ORD,JFK,738.2,2024-01-23T09:15:00,2024-01-23T11:20:00,2024-01-23T09:15:00,2024-01-23T11:24:00,0.0,none,0,9,1,1
FLT0387,WN,WN1215,Airbus A320,MIA,DEN,1707.9,2024-01-29T09:00:00,2024-01-29T12:57:00,2024-01-29T09:15:26.903282,2024-01-29T13:17:26.903282,15.4,nas,1,9,0,1
FLT0388,WN,WN4743,Airbus A321,DFW,LAX,1232.1,2024-01-05T12:15:00,2024-01-05T15:17:00,2024-01-05T12:15:00,2024-01-05T15:23:00,0.0,none,0,12,4,1
FLT0389,AS,AS9122,Boeing 737,JFK,DFW,1388.8,2024-01-08T11:00:00,2024-01-08T14:20:00,2024-01-08T11:00:00,2024-01-08T14:27:00,0.0,none,0,11,0,1
FLT0390,WN,WN3951,Airbus A320,ORD,LAX,1741.0,2024-01-20T21:15:00,2024-01-21T01:15:00,2024-01-20T21:15:00,2024-01-21T01:19:00,0.0,none,0,21,5,1
FLT0391,B6,B6353,Airbus A321,DEN,LAX,860.5,2024-01-14T10:30:00,2024-01-14T12:49:00,2024-01-14T10:48:41.654320,2024-01-14T13:15:41.654320,18.7,weather,1,10,6,1
FLT0392,WN,WN1473,Boeing 737,SFO,SEA,679.1,2024-01-15T13:30:00,2024-01-15T15:28:00,2024-01-15T13:53:59.326802,2024-01-15T15:59:59.326802,24.0,carrier,1,13,0,1
FLT0393,AA,AA5358,Airbus A321,BOS,LAX,2605.2,2024-01-12T06:15:00,2024-01-12T11:55:00,2024-01-12T08:24:38.853953,2024-01-12T14:07:38.853953,129.6,carrier,1,6,4,1
FLT0394,DL,DL2463,Boeing 737,JFK,BOS,186.3,2024-01-22T06:45:00,2024-01-22T07:46:00,2024-01-22T06:49:08.488961,2024-01-22T07:57:08.488961,4.1,carrier,0,6,0,1
FLT0395,AS,AS8014,Airbus A321,LAX,ORD,1741.0,2024-01-20T10:45:00,2024-01-20T14:45:00,2024-01-20T10:57:45.840667,2024-01-20T15:04:45.840667,12.8,carrier,0,10,5,1
FLT0396,WN,WN6226,Boeing 777,BOS,DFW,1559.0,2024-01-28T08:45:00,2024-01-28T12:24:00,2024-01-28T09:12:42.183185,2024-01-28T12:54:42.183185,27.7,weather,1,8,6,1
FLT0397,B6,B6692,Airbus A320,LAX,DEN,860.5,2024-01-29T08:00:00,2024-01-29T10:19:00,2024-01-29T08:00:00,2024-01-29T10:21:00,0.0,none,0,8,0,1
FLT0398,B6,B6146,Boeing 777,SFO,DFW,1461.5,2024-01-20T12:00:00,2024-01-20T15:28:00,2024-01-20T12:18:36.146805,2024-01-20T15:51:36.146805,18.6,nas,1,12,5,1
FLT0399,DL,DL7928,Boeing 777,SEA,ATL,2177.8,2024-01-05T18:30:00,2024-01-05T23:21:00,2024-01-05T18:59:36.831834,2024-01-05T23:58:36.831834,29.6,weather,1,18,4,1
FLT0400,F9,F91332,Boeing 777,JFK,LAX,2469.5,2024-01-06T09:30:00,2024-01-06T14:54:00,2024-01-06T09:30:00,2024-01-06T15:01:00,0.0,none,0,9,5,1
FLT0401,NK,NK5668,Boeing 737,ORD,DEN,886.1,2024-01-03T17:00:00,2024-01-03T19:22:00,2024-01-03T17:00:00,2024-01-03T19:27:00,0.0,none,0,17,2,1
FLT0402,AA,AA2785,Airbus A321,MIA,JFK,1091.7,2024-01-12T05:15:00,2024-01-12T08:00:00,2024-01-12T05:15:00,2024-01-12T08:00:00,0.0,none,0,5,4,1
FLT0403,DL,DL8090,Boeing 737,SEA,DFW,1657.7,2024-01-23T06:30:00,2024-01-23T10:21:00,2024-01-23T06:49:56.549728,2024-01-23T10:43:56.549728,19.9,carrier,1,6,1,1
FLT0404,DL,DL7784,Airbus A321,LAX,DFW,1232.1,2024-01-10T05:00:00,2024-01-10T08:02:00,2024-01-10T05:00:00,2024-01-10T08:06:00,0.0,none,0,5,2,1
FLT0405,AA,AA759,Boeing 737,LAX,DEN,860.5,2024-01-05T05:30:00,2024-01-05T07:49:00,2024-01-05T05:30:00,2024-01-05T07:51:00,0.0,none,0,5,4,1
FLT0406,F9,F94831,Airbus A320,ATL,JFK,759.3,2024-01-19T10:45:00,2024-01-19T12:52:00,2024-01-19T10:45:00,2024-01-19T12:57:00,0.0,none,0,10,4,1
FLT0407,F9,F97619,Boeing 777,JFK,DFW,1388.8,2024-01-27T18:15:00,2024-01-27T21:35:00,2024-01-27T18:15:00,2024-01-27T21:41:00,0.0,none,0,18,5,1
FLT0408,NK,NK1527,Boeing 737,MIA,ATL,596.1,2024-01-06T05:00:00,2024-01-06T06:48:00,2024-01-06T05:00:00,2024-01-06T06:49:00,0.0,none,0,5,5,1
FLT0409,B6,B67622,Boeing 777,ORD,SFO,1841.8,2024-01-06T15:00:00,2024-01-06T19:12:00,2024-01-06T15:00:00,2024-01-06T19:14:00,0.0,none,0,15,5,1
FLT0410,F9,F98145,Airbus A321,ORD,SFO,1841.8,2024-01-03T15:00:00,2024-01-03T19:12:00,2024-01-03T15:00:00,2024-01-03T19:15:00,0.0,none,0,15,2,1
FLT0411,DL,DL1824,Airbus A320,SEA,DEN,1022.4,2024-01-28T20:15:00,2024-01-28T22:52:00,2024-01-28T20:28:10.874429,2024-01-28T23:11:10.874429,13.2,weather,0,20,6,1
FLT0412,DL,DL8373,Boeing 777,BOS,MIA,1260.0,2024-01-18T17:00:00,2024-01-18T20:05:00,2024-01-18T17:16:44.576190,2024-01-18T20:21:44.576190,16.7,weather,1,17,3,1
FLT0413,B6,B64711,Boeing 737,BOS,ATL,945.1,2024-01-23T10:30:00,2024-01-23T12:59:00,2024-01-23T10:30:00,2024-01-23T13:08:00,0.0,none,0,10,1,1
FLT0414,AA,AA5191,Boeing 737,SEA,ORD,1716.1,2024-01-15T08:15:00,2024-01-15T12:13:00,2024-01-15T08:15:00,2024-01-15T12:16:00,0.0,none,0,8,0,1
FLT0415,F9,F97887,Boeing 777,LAX,JFK,2469.5,2024-01-29T09:15:00,2024-01-29T14:39:00,2024-01-29T09:41:22.398348,2024-01-29T15:12:22.398348,26.4,carrier,1,9,0,1
FLT0416,WN,WN1305,Airbus A321,LAX,DEN,860.5,2024-01-17T10:15:00,2024-01-17T12:34:00,2024-01-17T10:15:00,2024-01-17T12:37:00,0.0,none,0,10,2,1
FLT0417,AA,AA8116,Boeing 777,SFO,ATL,2134.4,2024-01-09T22:15:00,2024-01-10T03:01:00,2024-01-09T22:15:00,2024-01-10T03:01:00,0.0,none,0,22,1,1
FLT0418,UA,UA5043,Boeing 737,SFO,ORD,1841.8,2024-01-02T05:00:00,2024-01-02T09:12:00,2024-01-02T05:15:05.511986,2024-01-02T09:27:05.511986,15.1,weather,1,5,1,1
FLT0419,B6,B66931,Airbus A320,MIA,BOS,1260.0,2024-01-29T10:00:00,2024-01-29T13:05:00,2024-01-29T10:00:00,2024-01-29T13:06:00,0.0,none,0,10,0,1
FLT0420,AA,AA440,Boeing 777,SFO,MIA,2581.4,2024-01-25T08:15:00,2024-01-25T13:52:00,2024-01-25T08:43:18.527325,2024-01-25T14:24:18.527325,28.3,carrier,1,8,3,1
FLT0421,AA,AA1412,Boeing 777,DEN,JFK,1621.8,2024-01-06T20:30:00,2024-01-07T00:17:00,2024-01-06T20:30:00,2024-01-07T00:17:00,0.0,none,0,20,5,1
FLT0422,F9,F93763,Airbus A321,ATL,DFW,730.0,2024-01-22T18:30:00,2024-01-22T20:34:00,2024-01-22T18:30:00,2024-01-22T20:34:00,0.0,none,0,18,0,1
FLT0423,B6,B63422,Boeing 737,BOS,ATL,945.1,2024-01-15T07:00:00,2024-01-15T09:29:00,2024-01-15T07:19:06.131016,2024-01-15T09:48:06.131016,19.1,late_aircraft,1,7,0,1
FLT0424,F9,F95354,Airbus A320,JFK,BOS,186.3,2024-01-01T13:30:00,2024-01-01T14:31:00,2024-01-01T13:30:00,2024-01-01T14:39:00,0.0,none,0,13,0,1
FLT0425,AA,AA9727,Boeing 777,SEA,MIA,2721.3,2024-01-09T13:00:00,2024-01-09T18:54:00,2024-01-09T13:10:09.226470,2024-01-09T19:07:09.226470,10.2,weather,0,13,1,1
FLT0426,UA,UA767,Airbus A321,DEN,MIA,1707.9,2024-01-25T14:30:00,2024-01-25T18:27:00,2024-01-25T15:20:22.519503,2024-01-25T19:22:22.519503,50.4,carrier,1,14,3,1
FLT0427,DL,DL9035,Airbus A320,ATL,ORD,606.2,2024-01-01T06:00:00,2024-01-01T07:49:00,2024-01-01T06:15:20.024922,2024-01-01T08:12:20.024922,15.3,nas,1,6,0,1
FLT0428,B6,B68302,Airbus A321,LAX,DFW,1232.1,2024-01-25T11:00:00,2024-01-25T14:02:00,2024-01-25T11:00:00,2024-01-25T14:06:00,0.0,none,0,11,3,1
FLT0429,WN,WN3065,Boeing 777,LAX,SFO,337.8,2024-01-24T10:15:00,2024-01-24T11:33:00,2024-01-24T10:23:07.239316,2024-01-24T11:43:07.239316,8.1,weather,0,10,2,1
FLT0430,AS,AS1342,Boeing 777,SFO,DEN,965.0,2024-01-15T15:30:00,2024-01-15T18:01:00,2024-01-15T15:41:06.427866,2024-01-15T18:20:06.427866,11.1,carrier,0,15,0,1
FLT0431,F9,F95325,Boeing 737,SEA,DFW,1657.7,2024-01-21T10:30:00,2024-01-21T14:21:00,2024-01-21T10:30:00,2024-01-21T14:21:00,0.0,none,0,10,6,1
FLT0432,F9,F9428,Boeing 777,BOS,MIA,1260.0,2024-01-05T11:30:00,2024-01-05T14:35:00,2024-01-05T12:01:11.597375,2024-01-05T15:08:11.597375,31.2,carrier,1,11,4,1
FLT0433,AS,AS9393,Airbus A321,BOS,LAX,2605.2,2024-01-28T16:30:00,2024-01-28T22:10:00,2024-01-28T16:30:00,2024-01-28T22:19:00,0.0,none,0,16,6,1
FLT0434,AA,AA2546,Airbus A320,DEN,ATL,1197.0,2024-01-09T20:00:00,2024-01-09T22:58:00,2024-01-09T20:00:00,2024-01-09T23:04:00,0.0,none,0,20,1,1
FLT0435,AA,AA5322,Airbus A321,MIA,DEN,1707.9,2024-01-03T18:00:00,2024-01-03T21:57:00,2024-01-03T18:00:00,2024-01-03T22:05:00,0.0,none,0,18,2,1
FLT0436,DL,DL8765,Airbus A320,SFO,DFW,1461.5,2024-01-28T05:45:00,2024-01-28T09:13:00,2024-01-28T05:45:00,2024-01-28T09:16:00,0.0,none,0,5,6,1
FLT0437,AS,AS733,Airbus A321,SEA,LAX,955.1,2024-01-20T22:00:00,2024-01-21T00:30:00,2024-01-20T22:29:40.656969,2024-01-21T01:03:40.656969,29.7,weather,1,22,5,1
FLT0438,WN,WN3523,Boeing 737,JFK,SEA,2415.0,2024-01-26T10:45:00,2024-01-26T16:03:00,2024-01-26T10:45:00,2024-01-26T16:04:00,0.0,none,0,10,4,1
FLT0439,AS,AS1876,Airbus A320,DFW,SFO,1461.5,2024-01-03T20:45:00,2024-01-04T00:13:00,2024-01-03T20:45:00,2024-01-04T00:20:00,0.0,none,0,20,2,1
FLT0440,AS,AS3223,Boeing 777,DEN,BOS,1749.5,2024-01-08T18:00:00,2024-01-08T22:01:00,2024-01-08T18:22:55.860018,2024-01-08T22:28:55.860018,22.9,weather,1,18,0,1
FLT0441,DL,DL9386,Airbus A321,LAX,SEA,955.1,2024-01-02T20:15:00,2024-01-02T22:45:00,2024-01-02T20:40:35.829754,2024-01-02T23:12:35.829754,25.6,nas,1,20,1,1
FLT0442,NK,NK3025,Airbus A321,JFK,SEA,2415.0,2024-01-17T16:00:00,2024-01-17T21:18:00,2024-01-17T16:00:00,2024-01-17T21:24:00,0.0,none,0,16,2,1
FLT0443,AA,AA3925,Boeing 777,DEN,LAX,860.5,2024-01-01T06:45:00,2024-01-01T09:04:00,2024-01-01T06:45:00,2024-01-01T09:07:00,0.0,none,0,6,0,1
FLT0444,WN,WN7955,Airbus A320,MIA,SEA,2721.3,2024-01-24T06:30:00,2024-01-24T12:24:00,2024-01-24T06:35:02.795972,2024-01-24T12:34:02.795972,5.0,carrier,0,6,2,1
FLT0445,F9,F93011,Airbus A320,DEN,ATL,1197.0,2024-01-17T17:15:00,2024-01-17T20:13:00,2024-01-17T17:15:00,2024-01-17T20:14:00,0.0,none,0,17,2,1
FLT0446,B6,B62264,Airbus A320,ATL,ORD,606.2,2024-01-22T06:45:00,2024-01-22T08:34:00,2024-01-22T06:45:00,2024-01-22T08:35:00,0.0,none,0,6,0,1
FLT0447,UA,UA5757,Airbus A321,ORD,MIA,1199.0,2024-01-07T16:15:00,2024-01-07T19:13:00,2024-01-07T16:18:28.137218,2024-01-07T19:19:28.137218,3.5,carrier,0,16,6,1
FLT0448,AS,AS3911,Boeing 737,ORD,MIA,1199.0,2024-01-23T11:15:00,2024-01-23T14:13:00,2024-01-23T11:15:00,2024-01-23T14:22:00,0.0,none,0,11,1,1
FLT0449,B6,B64694,Boeing 777,SFO,SEA,679.1,2024-01-22T05:30:00,2024-01-22T07:28:00,2024-01-22T05:30:00,2024-01-22T07:34:00,0.0,none,0,5,0,1
FLT0450,NK,NK9171,Airbus A320,ATL,DEN,1197.0,2024-01-22T07:45:00,2024-01-22T10:43:00,2024-01-22T07:45:00,2024-01-22T10:51:00,0.0,none,0,7,0,1
FLT0451,AA,AA5997,Boeing 777,LAX,MIA,2338.2,2024-01-17T19:45:00,2024-01-18T00:54:00,2024-01-17T19:45:00,2024-01-18T01:02:00,0.0,none,0,19,2,1
FLT0452,WN,WN4898,Boeing 737,MIA,SFO,2581.4,2024-01-13T17:00:00,2024-01-13T22:37:00,2024-01-13T17:00:00,2024-01-13T22:46:00,0.0,none,0,17,5,1
FLT0453,UA,UA7152,Airbus A320,JFK,BOS,186.3,2024-01-15T05:00:00,2024-01-15T06:01:00,2024-01-15T05:00:00,2024-01-15T06:07:00,0.0,none,0,5,0,1
FLT0454,UA,UA1455,Boeing 777,LAX,MIA,2338.2,2024-01-10T11:45:00,2024-01-10T16:54:00,2024-01-10T11:45:00,2024-01-10T16:58:00,0.0,none,0,11,2,1
FLT0455,NK,NK6502,Airbus A320,ATL,SFO,2134.4,2024-01-15T22:45:00,2024-01-16T03:31:00,2024-01-15T22:45:00,2024-01-16T03:35:00,0.0,none,0,22,0,1
FLT0456,F9,F95163,Airbus A320,DFW,ORD,801.6,2024-01-16T10:15:00,2024-01-16T12:27:00,2024-01-16T10:15:00,2024-01-16T12:32:00,0.0,none,0,10,1,1
FLT0457,NK,NK258,Boeing 777,DFW,SFO,1461.5,2024-01-22T15:30:00,2024-01-22T18:58:00,2024-01-22T16:13:48.440581,2024-01-22T19:48:48.440581,43.8,nas,1,15,0,1
FLT0458,WN,WN1489,Airbus A321,BOS,SFO,2697.5,2024-01-10T08:45:00,2024-01-10T14:36:00,2024-01-10T08:54:21.210106,2024-01-10T14:50:21.210106,9.4,weather,0,8,2,1
FLT0459,WN,WN5936,Airbus A320,DFW,ORD,801.6,2024-01-23T07:00:00,2024-01-23T09:12:00,2024-01-23T07:00:00,2024-01-23T09:18:00,0.0,none,0,7,1,1
FLT0460,DL,DL4509,Airbus A321,DFW,DEN,640.8,2024-01-25T22:15:00,2024-01-26T00:08:00,2024-01-25T22:15:00,2024-01-26T00:11:00,0.0,none,0,22,3,1
FLT0461,NK,NK7450,Airbus A321,DFW,JFK,1388.8,2024-01-25T13:00:00,2024-01-25T16:20:00,2024-01-25T13:00:00,2024-01-25T16:25:00,0.0,none,0,13,3,1
FLT0462,UA,UA4457,Airbus A321,DEN,ORD,886.1,2024-01-14T17:15:00,2024-01-14T19:37:00,2024-01-14T17:15:00,2024-01-14T19:46:00,0.0,none,0,17,6,1
FLT0463,AS,AS252,Airbus A321,SEA,JFK,2415.0,2024-01-05T09:00:00,2024-01-05T14:18:00,2024-01-05T09:27:19.461665,2024-01-05T14:50:19.461665,27.3,weather,1,9,4,1
FLT0464,DL,DL7309,Boeing 777,BOS,SEA,2488.7,2024-01-21T12:15:00,2024-01-21T17:42:00,2024-01-21T12:21:53.959505,2024-01-21T17:50:53.959505,6.9,carrier,0,12,6,1
FLT0465,B6,B61516,Boeing 737,BOS,LAX,2605.2,2024-01-21T11:30:00,2024-01-21T17:10:00,2024-01-21T11:30:00,2024-01-21T17:19:00,0.0,none,0,11,6,1
FLT0466,AA,AA5720,Airbus A321,LAX,DEN,860.5,2024-01-29T14:30:00,2024-01-29T16:49:00,2024-01-29T14:30:00,2024-01-29T16:52:00,0.0,none,0,14,0,1
FLT0467,AA,AA6750,Airbus A321,ORD,JFK,738.2,2024-01-25T14:30:00,2024-01-25T16:35:00,2024-01-25T15:01:58.509021,2024-01-25T17:10:58.509021,32.0,weather,1,14,3,1
FLT0468,UA,UA7643,Boeing 777,DFW,ORD,801.6,2024-01-12T09:00:00,2024-01-12T11:12:00,2024-01-12T09:07:45.015050,2024-01-12T11:24:45.015050,7.8,weather,0,9,4,1
FLT0469,F9,F92535,Airbus A320,MIA,JFK,1091.7,2024-01-05T21:15:00,2024-01-06T00:00:00,2024-01-05T21:19:24.012420,2024-01-06T00:08:24.012420,4.4,security,0,21,4,1
FLT0470,AS,AS8842,Boeing 777,ORD,DFW,801.6,2024-01-13T11:00:00,2024-01-13T13:12:00,2024-01-13T11:00:00,2024-01-13T13:13:00,0.0,none,0,11,5,1
FLT0471,DL,DL9258,Airbus A320,MIA,SEA,2721.3,2024-01-09T05:15:00,2024-01-09T11:09:00,2024-01-09T05:15:00,2024-01-09T11:12:00,0.0,none,0,5,1,1
FLT0472,WN,WN996,Boeing 737,ORD,DEN,886.1,2024-01-02T06:30:00,2024-01-02T08:52:00,2024-01-02T06:30:00,2024-01-02T08:59:00,0.0,none,0,6,1,1
FLT0473,AA,AA2449,Airbus A320,SEA,JFK,2415.0,2024-01-11T11:45:00,2024-01-11T17:03:00,2024-01-11T11:45:00,2024-01-11T17:09:00,0.0,none,0,11,3,1
FLT0474,WN,WN7479,Airbus A321,SFO,JFK,2580.0,2024-01-17T09:45:00,2024-01-17T15:22:00,2024-01-17T09:57:38.082708,2024-01-17T15:34:38.082708,12.6,weather,0,9,2,1
FLT0475,WN,WN8829,Airbus A320,ORD,JFK,738.2,2024-01-18T22:30:00,2024-01-19T00:35:00,2024-01-18T22:46:14.487978,2024-01-19T00:59:14.487978,16.2,carrier,1,22,3,1
FLT0476,NK,NK3874,Airbus A320,BOS,SEA,2488.7,2024-01-23T22:45:00,2024-01-24T04:12:00,2024-01-23T22:45:00,2024-01-24T04:20:00,0.0,none,0,22,1,1
FLT0477,NK,NK1571,Boeing 777,DFW,BOS,1559.0,2024-01-29T15:15:00,2024-01-29T18:54:00,2024-01-29T15:15:00,2024-01-29T19:00:00,0.0,none,0,15,0,1
FLT0478,NK,NK5487,Airbus A321,SEA,BOS,2488.7,2024-01-24T20:45:00,2024-01-25T02:12:00,2024-01-24T20:45:00,2024-01-25T02:13:00,0.0,none,0,20,2,1
FLT0479,DL,DL4802,Airbus A320,DEN,LAX,860.5,2024-01-18T16:30:00,2024-01-18T18:49:00,2024-01-18T16:30:00,2024-01-18T18:51:00,0.0,none,0,16,3,1
FLT0480,AS,AS243,Boeing 737,BOS,MIA,1260.0,2024-01-14T16:00:00,2024-01-14T19:05:00,2024-01-14T16:00:00,2024-01-14T19:13:00,0.0,none,0,16,6,1
FLT0481,WN,WN1665,Airbus A321,MIA,LAX,2338.2,2024-01-08T20:45:00,2024-01-09T01:54:00,2024-01-08T21:10:50.203678,2024-01-09T02:26:50.203678,25.8,carrier,1,20,0,1
FLT0482,UA,UA1596,Airbus A321,ATL,SFO,2134.4,2024-01-11T13:15:00,2024-01-11T18:01:00,2024-01-11T13:15:00,2024-01-11T18:03:00,0.0,none,0,13,3,1
FLT0483,AS,AS2302,Boeing 777,DFW,ATL,730.0,2024-01-03T10:00:00,2024-01-03T12:04:00,2024-01-03T10:00:00,2024-01-03T12:12:00,0.0,none,0,10,2,1
FLT0484,NK,NK4743,Airbus A321,SEA,ORD,1716.1,2024-01-19T16:45:00,2024-01-19T20:43:00,2024-01-19T16:45:00,2024-01-19T20:49:00,0.0,none,0,16,4,1
FLT0485,AA,AA4964,Airbus A321,ATL,DFW,730.0,2024-01-22T16:00:00,2024-01-22T18:04:00,2024-01-22T16:00:00,2024-01-22T18:10:00,0.0,none,0,16,0,1
FLT0486,UA,UA9271,Boeing 777,DEN,ORD,886.1,2024-01-07T11:30:00,2024-01-07T13:52:00,2024-01-07T11:30:00,2024-01-07T13:57:00,0.0,none,0,11,6,1
FLT0487,B6,B64966,Airbus A321,SEA,SFO,679.1,2024-01-07T17:15:00,2024-01-07T19:13:00,2024-01-07T17:47:22.830637,2024-01-07T19:50:22.830637,32.4,carrier,1,17,6,1
FLT0488,UA,UA4583,Airbus A320,ATL,SFO,2134.4,2024-01-09T07:00:00,2024-01-09T11:46:00,2024-01-09T07:37:09.789719,2024-01-09T12:23:09.789719,37.2,weather,1,7,1,1
FLT0489,WN,WN3168,Boeing 777,MIA,SEA,2721.3,2024-01-29T09:45:00,2024-01-29T15:39:00,2024-01-29T10:45:55.319366,2024-01-29T16:46:55.319366,60.9,weather,1,9,0,1
FLT0490,B6,B61158,Airbus A320,ATL,BOS,945.1,2024-01-09T07:30:00,2024-01-09T09:59:00,2024-01-09T07:30:00,2024-01-09T10:03:00,0.0,none,0,7,1,1
FLT0491,WN,WN4287,Airbus A320,SFO,JFK,2580.0,2024-01-22T11:30:00,2024-01-22T17:07:00,2024-01-22T11:40:57.375362,2024-01-22T17:23:57.375362,11.0,carrier,0,11,0,1
FLT0492,AA,AA7629,Airbus A321,MIA,ATL,596.1,2024-01-15T10:15:00,2024-01-15T12:03:00,2024-01-15T10:15:00,2024-01-15T12:12:00,0.0,none,0,10,0,1
FLT0493,F9,F98902,Airbus A320,ORD,DFW,801.6,2024-01-21T20:30:00,2024-01-21T22:42:00,2024-01-21T20:30:00,2024-01-21T22:42:00,0.0,none,0,20,6,1
FLT0494,DL,DL9383,Boeing 777,DFW,MIA,1120.1,2024-01-22T14:00:00,2024-01-22T16:49:00,2024-01-22T14:00:00,2024-01-22T16:54:00,0.0,none,0,14,0,1
FLT0495,WN,WN8118,Boeing 737,DFW,MIA,1120.1,2024-01-19T09:00:00,2024-01-19T11:49:00,2024-01-19T09:36:36.638257,2024-01-19T12:25:36.638257,36.6,weather,1,9,4,1
FLT0496,DL,DL1737,Airbus A320,SEA,MIA,2721.3,2024-01-11T08:45:00,2024-01-11T14:39:00,2024-01-11T08:45:00,2024-01-11T14:39:00,0.0,none,0,8,3,1
FLT0497,AA,AA1639,Airbus A321,ATL,SEA,2177.8,2024-01-12T20:00:00,2024-01-13T00:51:00,2024-01-12T20:07:35.693059,2024-01-13T01:00:35.693059,7.6,carrier,0,20,4,1
FLT0498,WN,WN2914,Airbus A321,LAX,JFK,2469.5,2024-01-13T11:30:00,2024-01-13T16:54:00,2024-01-13T11:30:00,2024-01-13T17:02:00,0.0,none,0,11,5,1
FLT0499,AS,AS7149,Airbus A320,ORD,JFK,738.2,2024-01-30T06:45:00,2024-01-30T08:50:00,2024-01-30T07:00:33.611099,2024-01-30T09:09:33.611099,15.6,carrier,1,6,1,1
